# fusion-nav truth for `flight.csv`, seed 8
#
# The analytic trajectory the log was generated from, at the IMU rate: closed-form
# position and Euler angles, exact derivatives, and the biases actually applied to that
# sample. Angles are radians, ZYX, in the NED/FRD convention the crate fixes.
t_s,pos_n,pos_e,pos_d,vel_n,vel_e,vel_d,roll,pitch,yaw,ba_x,ba_y,ba_z,bg_x,bg_y,bg_z
0.0000,0.000000,0.000000,0.000000,0.000000,0.000000,-0.000000,0.000000,0.000000,0.600000,0.043000,-0.062000,0.027000,0.002100,-0.003400,0.001200
0.0200,0.000000,0.000000,0.000000,0.000000,0.000000,-0.000000,0.000000,0.000000,0.600000,0.042977,-0.061977,0.026997,0.002099,-0.003399,0.001200
0.0400,0.000000,0.000000,0.000000,0.000000,0.000000,-0.000000,0.000000,0.000000,0.600000,0.042980,-0.062006,0.027010,0.002099,-0.003400,0.001199
0.0600,0.000000,0.000000,0.000000,0.000000,0.000000,-0.000000,0.000000,0.000000,0.600000,0.042979,-0.062019,0.027016,0.002099,-0.003399,0.001200
0.0800,0.000000,0.000000,0.000000,0.000000,0.000000,-0.000000,0.000000,0.000000,0.600000,0.042996,-0.062030,0.027009,0.002098,-0.003400,0.001201
0.1000,0.000000,0.000000,0.000000,0.000000,0.000000,-0.000000,0.000000,0.000000,0.600000,0.043040,-0.062013,0.027004,0.002096,-0.003399,0.001201
0.1200,0.000000,0.000000,0.000000,0.000000,0.000000,-0.000000,0.000000,0.000000,0.600000,0.043045,-0.062008,0.027010,0.002097,-0.003400,0.001202
0.1400,0.000000,0.000000,0.000000,0.000000,0.000000,-0.000000,0.000000,0.000000,0.600000,0.043028,-0.061996,0.027010,0.002095,-0.003400,0.001199
0.1600,0.000000,0.000000,0.000000,0.000000,0.000000,-0.000000,0.000000,0.000000,0.600000,0.043029,-0.061992,0.027044,0.002096,-0.003400,0.001197
0.1800,0.000000,0.000000,0.000000,0.000000,0.000000,-0.000000,0.000000,0.000000,0.600000,0.043025,-0.062000,0.027060,0.002094,-0.003402,0.001198
0.2000,0.000000,0.000000,0.000000,0.000000,0.000000,-0.000000,0.000000,0.000000,0.600000,0.043029,-0.061972,0.027057,0.002092,-0.003404,0.001201
0.2200,0.000000,0.000000,0.000000,0.000000,0.000000,-0.000000,0.000000,0.000000,0.600000,0.043014,-0.061966,0.027045,0.002095,-0.003403,0.001200
0.2400,0.000000,0.000000,0.000000,0.000000,0.000000,-0.000000,0.000000,0.000000,0.600000,0.042988,-0.061988,0.027024,0.002095,-0.003404,0.001201
0.2600,0.000000,0.000000,0.000000,0.000000,0.000000,-0.000000,0.000000,0.000000,0.600000,0.042985,-0.061986,0.026996,0.002096,-0.003403,0.001198
0.2800,0.000000,0.000000,0.000000,0.000000,0.000000,-0.000000,0.000000,0.000000,0.600000,0.043025,-0.061988,0.027015,0.002096,-0.003402,0.001196
0.3000,0.000000,0.000000,0.000000,0.000000,0.000000,-0.000000,0.000000,0.000000,0.600000,0.043027,-0.061994,0.027015,0.002099,-0.003403,0.001195
0.3200,0.000000,0.000000,0.000000,0.000000,0.000000,-0.000000,0.000000,0.000000,0.600000,0.043053,-0.061996,0.026990,0.002099,-0.003403,0.001196
0.3400,0.000000,0.000000,0.000000,0.000000,0.000000,-0.000000,0.000000,0.000000,0.600000,0.043036,-0.061982,0.027012,0.002097,-0.003405,0.001196
0.3600,0.000000,0.000000,0.000000,0.000000,0.000000,-0.000000,0.000000,0.000000,0.600000,0.043039,-0.061981,0.027032,0.002097,-0.003406,0.001197
0.3800,0.000000,0.000000,0.000000,0.000000,0.000000,-0.000000,0.000000,0.000000,0.600000,0.043027,-0.061970,0.027030,0.002098,-0.003407,0.001199
0.4000,0.000000,0.000000,0.000000,0.000000,0.000000,-0.000000,0.000000,0.000000,0.600000,0.042993,-0.061976,0.027025,0.002100,-0.003409,0.001200
0.4200,0.000000,0.000000,0.000000,0.000000,0.000000,-0.000000,0.000000,0.000000,0.600000,0.043033,-0.061994,0.027033,0.002101,-0.003411,0.001201
0.4400,0.000000,0.000000,0.000000,0.000000,0.000000,-0.000000,0.000000,0.000000,0.600000,0.043024,-0.061979,0.027026,0.002101,-0.003412,0.001199
0.4600,0.000000,0.000000,0.000000,0.000000,0.000000,-0.000000,0.000000,0.000000,0.600000,0.043027,-0.061982,0.027025,0.002101,-0.003417,0.001199
0.4800,0.000000,0.000000,0.000000,0.000000,0.000000,-0.000000,0.000000,0.000000,0.600000,0.043041,-0.061972,0.027019,0.002101,-0.003415,0.001199
0.5000,0.000000,0.000000,0.000000,0.000000,0.000000,-0.000000,0.000000,0.000000,0.600000,0.043024,-0.061969,0.027021,0.002101,-0.003414,0.001200
0.5200,0.000000,0.000000,0.000000,0.000000,0.000000,-0.000000,0.000000,0.000000,0.600000,0.043020,-0.061971,0.027036,0.002102,-0.003415,0.001201
0.5400,0.000000,0.000000,0.000000,0.000000,0.000000,-0.000000,0.000000,0.000000,0.600000,0.043021,-0.062011,0.027034,0.002103,-0.003413,0.001200
0.5600,0.000000,0.000000,0.000000,0.000000,0.000000,-0.000000,0.000000,0.000000,0.600000,0.043008,-0.062015,0.027008,0.002104,-0.003412,0.001201
0.5800,0.000000,0.000000,0.000000,0.000000,0.000000,-0.000000,0.000000,0.000000,0.600000,0.043014,-0.062033,0.026994,0.002106,-0.003414,0.001202
0.6000,0.000000,0.000000,0.000000,0.000000,0.000000,-0.000000,0.000000,0.000000,0.600000,0.043005,-0.062045,0.027015,0.002105,-0.003414,0.001201
0.6200,0.000000,0.000000,0.000000,0.000000,0.000000,-0.000000,0.000000,0.000000,0.600000,0.043006,-0.062050,0.027022,0.002106,-0.003413,0.001201
0.6400,0.000000,0.000000,0.000000,0.000000,0.000000,-0.000000,0.000000,0.000000,0.600000,0.042995,-0.062054,0.027039,0.002106,-0.003415,0.001203
0.6600,0.000000,0.000000,0.000000,0.000000,0.000000,-0.000000,0.000000,0.000000,0.600000,0.042951,-0.062063,0.027033,0.002106,-0.003417,0.001206
0.6800,0.000000,0.000000,0.000000,0.000000,0.000000,-0.000000,0.000000,0.000000,0.600000,0.042951,-0.062073,0.027028,0.002105,-0.003415,0.001206
0.7000,0.000000,0.000000,0.000000,0.000000,0.000000,-0.000000,0.000000,0.000000,0.600000,0.042961,-0.062063,0.027023,0.002105,-0.003415,0.001207
0.7200,0.000000,0.000000,0.000000,0.000000,0.000000,-0.000000,0.000000,0.000000,0.600000,0.042958,-0.062053,0.027020,0.002107,-0.003414,0.001207
0.7400,0.000000,0.000000,0.000000,0.000000,0.000000,-0.000000,0.000000,0.000000,0.600000,0.042935,-0.062025,0.027027,0.002106,-0.003416,0.001209
0.7600,0.000000,0.000000,0.000000,0.000000,0.000000,-0.000000,0.000000,0.000000,0.600000,0.042951,-0.062028,0.027045,0.002104,-0.003413,0.001208
0.7800,0.000000,0.000000,0.000000,0.000000,0.000000,-0.000000,0.000000,0.000000,0.600000,0.042974,-0.062040,0.027047,0.002104,-0.003412,0.001206
0.8000,0.000000,0.000000,0.000000,0.000000,0.000000,-0.000000,0.000000,0.000000,0.600000,0.042981,-0.062013,0.027021,0.002103,-0.003412,0.001206
0.8200,0.000000,0.000000,0.000000,0.000000,0.000000,-0.000000,0.000000,0.000000,0.600000,0.042980,-0.062027,0.027023,0.002102,-0.003414,0.001205
0.8400,0.000000,0.000000,0.000000,0.000000,0.000000,-0.000000,0.000000,0.000000,0.600000,0.042930,-0.062026,0.027046,0.002101,-0.003415,0.001205
0.8600,0.000000,0.000000,0.000000,0.000000,0.000000,-0.000000,0.000000,0.000000,0.600000,0.042922,-0.062044,0.027046,0.002102,-0.003413,0.001201
0.8800,0.000000,0.000000,0.000000,0.000000,0.000000,-0.000000,0.000000,0.000000,0.600000,0.042919,-0.062049,0.027020,0.002100,-0.003413,0.001205
0.9000,0.000000,0.000000,0.000000,0.000000,0.000000,-0.000000,0.000000,0.000000,0.600000,0.042908,-0.062047,0.027041,0.002101,-0.003414,0.001206
0.9200,0.000000,0.000000,0.000000,0.000000,0.000000,-0.000000,0.000000,0.000000,0.600000,0.042901,-0.062024,0.027024,0.002100,-0.003414,0.001203
0.9400,0.000000,0.000000,0.000000,0.000000,0.000000,-0.000000,0.000000,0.000000,0.600000,0.042900,-0.062041,0.027043,0.002100,-0.003415,0.001203
0.9600,0.000000,0.000000,0.000000,0.000000,0.000000,-0.000000,0.000000,0.000000,0.600000,0.042890,-0.062046,0.027062,0.002101,-0.003412,0.001204
0.9800,0.000000,0.000000,0.000000,0.000000,0.000000,-0.000000,0.000000,0.000000,0.600000,0.042893,-0.062040,0.027068,0.002100,-0.003414,0.001204
1.0000,0.000000,0.000000,0.000000,0.000000,0.000000,-0.000000,0.000000,0.000000,0.600000,0.042897,-0.062028,0.027103,0.002098,-0.003415,0.001203
1.0200,0.000000,0.000000,0.000000,0.000000,0.000000,-0.000000,0.000000,0.000000,0.600000,0.042896,-0.062023,0.027107,0.002101,-0.003418,0.001203
1.0400,0.000000,0.000000,0.000000,0.000000,0.000000,-0.000000,0.000000,0.000000,0.600000,0.042907,-0.062044,0.027107,0.002100,-0.003415,0.001204
1.0600,0.000000,0.000000,0.000000,0.000000,0.000000,-0.000000,0.000000,0.000000,0.600000,0.042905,-0.062079,0.027111,0.002101,-0.003417,0.001203
1.0800,0.000000,0.000000,0.000000,0.000000,0.000000,-0.000000,0.000000,0.000000,0.600000,0.042895,-0.062055,0.027109,0.002098,-0.003417,0.001202
1.1000,0.000000,0.000000,0.000000,0.000000,0.000000,-0.000000,0.000000,0.000000,0.600000,0.042894,-0.062054,0.027090,0.002099,-0.003418,0.001201
1.1200,0.000000,0.000000,0.000000,0.000000,0.000000,-0.000000,0.000000,0.000000,0.600000,0.042895,-0.062035,0.027103,0.002099,-0.003417,0.001202
1.1400,0.000000,0.000000,0.000000,0.000000,0.000000,-0.000000,0.000000,0.000000,0.600000,0.042892,-0.062032,0.027121,0.002102,-0.003416,0.001203
1.1600,0.000000,0.000000,0.000000,0.000000,0.000000,-0.000000,0.000000,0.000000,0.600000,0.042890,-0.062045,0.027105,0.002101,-0.003415,0.001204
1.1800,0.000000,0.000000,0.000000,0.000000,0.000000,-0.000000,0.000000,0.000000,0.600000,0.042870,-0.062030,0.027110,0.002105,-0.003415,0.001204
1.2000,0.000000,0.000000,0.000000,0.000000,0.000000,-0.000000,0.000000,0.000000,0.600000,0.042861,-0.062042,0.027121,0.002107,-0.003417,0.001206
1.2200,0.000000,0.000000,0.000000,0.000000,0.000000,-0.000000,0.000000,0.000000,0.600000,0.042844,-0.062014,0.027129,0.002104,-0.003418,0.001206
1.2400,0.000000,0.000000,0.000000,0.000000,0.000000,-0.000000,0.000000,0.000000,0.600000,0.042826,-0.061998,0.027137,0.002105,-0.003418,0.001204
1.2600,0.000000,0.000000,0.000000,0.000000,0.000000,-0.000000,0.000000,0.000000,0.600000,0.042844,-0.062000,0.027151,0.002106,-0.003414,0.001204
1.2800,0.000000,0.000000,0.000000,0.000000,0.000000,-0.000000,0.000000,0.000000,0.600000,0.042845,-0.061989,0.027167,0.002104,-0.003415,0.001206
1.3000,0.000000,0.000000,0.000000,0.000000,0.000000,-0.000000,0.000000,0.000000,0.600000,0.042846,-0.061980,0.027164,0.002106,-0.003418,0.001206
1.3200,0.000000,0.000000,0.000000,0.000000,0.000000,-0.000000,0.000000,0.000000,0.600000,0.042835,-0.061967,0.027184,0.002108,-0.003419,0.001207
1.3400,0.000000,0.000000,0.000000,0.000000,0.000000,-0.000000,0.000000,0.000000,0.600000,0.042828,-0.061954,0.027181,0.002108,-0.003420,0.001208
1.3600,0.000000,0.000000,0.000000,0.000000,0.000000,-0.000000,0.000000,0.000000,0.600000,0.042808,-0.061942,0.027171,0.002109,-0.003420,0.001209
1.3800,0.000000,0.000000,0.000000,0.000000,0.000000,-0.000000,0.000000,0.000000,0.600000,0.042803,-0.061955,0.027179,0.002111,-0.003418,0.001207
1.4000,0.000000,0.000000,0.000000,0.000000,0.000000,-0.000000,0.000000,0.000000,0.600000,0.042792,-0.061955,0.027180,0.002112,-0.003418,0.001204
1.4200,0.000000,0.000000,0.000000,0.000000,0.000000,-0.000000,0.000000,0.000000,0.600000,0.042773,-0.061938,0.027157,0.002113,-0.003418,0.001203
1.4400,0.000000,0.000000,0.000000,0.000000,0.000000,-0.000000,0.000000,0.000000,0.600000,0.042780,-0.061934,0.027156,0.002112,-0.003419,0.001201
1.4600,0.000000,0.000000,0.000000,0.000000,0.000000,-0.000000,0.000000,0.000000,0.600000,0.042772,-0.061935,0.027152,0.002112,-0.003420,0.001201
1.4800,0.000000,0.000000,0.000000,0.000000,0.000000,-0.000000,0.000000,0.000000,0.600000,0.042769,-0.061937,0.027148,0.002112,-0.003421,0.001201
1.5000,0.000000,0.000000,0.000000,0.000000,0.000000,-0.000000,0.000000,0.000000,0.600000,0.042776,-0.061954,0.027160,0.002110,-0.003423,0.001198
1.5200,0.000000,0.000000,0.000000,0.000000,0.000000,-0.000000,0.000000,0.000000,0.600000,0.042747,-0.061956,0.027152,0.002109,-0.003421,0.001196
1.5400,0.000000,0.000000,0.000000,0.000000,0.000000,-0.000000,0.000000,0.000000,0.600000,0.042733,-0.061964,0.027158,0.002109,-0.003423,0.001197
1.5600,0.000000,0.000000,0.000000,0.000000,0.000000,-0.000000,0.000000,0.000000,0.600000,0.042728,-0.061957,0.027163,0.002109,-0.003424,0.001197
1.5800,0.000000,0.000000,0.000000,0.000000,0.000000,-0.000000,0.000000,0.000000,0.600000,0.042717,-0.061959,0.027151,0.002107,-0.003426,0.001199
1.6000,0.000000,0.000000,0.000000,0.000000,0.000000,-0.000000,0.000000,0.000000,0.600000,0.042697,-0.061948,0.027156,0.002107,-0.003426,0.001200
1.6200,0.000000,0.000000,0.000000,0.000000,0.000000,-0.000000,0.000000,0.000000,0.600000,0.042702,-0.061933,0.027156,0.002106,-0.003425,0.001198
1.6400,0.000000,0.000000,0.000000,0.000000,0.000000,-0.000000,0.000000,0.000000,0.600000,0.042721,-0.061940,0.027153,0.002106,-0.003426,0.001198
1.6600,0.000000,0.000000,0.000000,0.000000,0.000000,-0.000000,0.000000,0.000000,0.600000,0.042720,-0.061943,0.027137,0.002105,-0.003426,0.001199
1.6800,0.000000,0.000000,0.000000,0.000000,0.000000,-0.000000,0.000000,0.000000,0.600000,0.042720,-0.061949,0.027157,0.002106,-0.003423,0.001201
1.7000,0.000000,0.000000,0.000000,0.000000,0.000000,-0.000000,0.000000,0.000000,0.600000,0.042702,-0.061939,0.027138,0.002107,-0.003423,0.001200
1.7200,0.000000,0.000000,0.000000,0.000000,0.000000,-0.000000,0.000000,0.000000,0.600000,0.042696,-0.061936,0.027141,0.002106,-0.003423,0.001201
1.7400,0.000000,0.000000,0.000000,0.000000,0.000000,-0.000000,0.000000,0.000000,0.600000,0.042671,-0.061931,0.027133,0.002108,-0.003422,0.001200
1.7600,0.000000,0.000000,0.000000,0.000000,0.000000,-0.000000,0.000000,0.000000,0.600000,0.042669,-0.061955,0.027111,0.002107,-0.003421,0.001200
1.7800,0.000000,0.000000,0.000000,0.000000,0.000000,-0.000000,0.000000,0.000000,0.600000,0.042659,-0.061956,0.027100,0.002107,-0.003420,0.001200
1.8000,0.000000,0.000000,0.000000,0.000000,0.000000,-0.000000,0.000000,0.000000,0.600000,0.042703,-0.061954,0.027102,0.002108,-0.003419,0.001200
1.8200,0.000000,0.000000,0.000000,0.000000,0.000000,-0.000000,0.000000,0.000000,0.600000,0.042714,-0.061972,0.027114,0.002107,-0.003417,0.001201
1.8400,0.000000,0.000000,0.000000,0.000000,0.000000,-0.000000,0.000000,0.000000,0.600000,0.042714,-0.061972,0.027101,0.002108,-0.003417,0.001200
1.8600,0.000000,0.000000,0.000000,0.000000,0.000000,-0.000000,0.000000,0.000000,0.600000,0.042725,-0.061984,0.027113,0.002108,-0.003418,0.001202
1.8800,0.000000,0.000000,0.000000,0.000000,0.000000,-0.000000,0.000000,0.000000,0.600000,0.042724,-0.061995,0.027106,0.002109,-0.003418,0.001203
1.9000,0.000000,0.000000,0.000000,0.000000,0.000000,-0.000000,0.000000,0.000000,0.600000,0.042731,-0.062003,0.027085,0.002108,-0.003421,0.001201
1.9200,0.000000,0.000000,0.000000,0.000000,0.000000,-0.000000,0.000000,0.000000,0.600000,0.042736,-0.062022,0.027089,0.002108,-0.003421,0.001199
1.9400,0.000000,0.000000,0.000000,0.000000,0.000000,-0.000000,0.000000,0.000000,0.600000,0.042716,-0.062018,0.027110,0.002107,-0.003423,0.001201
1.9600,0.000000,0.000000,0.000000,0.000000,0.000000,-0.000000,0.000000,0.000000,0.600000,0.042707,-0.062007,0.027116,0.002108,-0.003424,0.001199
1.9800,0.000000,0.000000,0.000000,0.000000,0.000000,-0.000000,0.000000,0.000000,0.600000,0.042713,-0.062024,0.027104,0.002105,-0.003424,0.001201
2.0000,0.000000,0.000000,0.000000,0.000000,0.000000,-0.000000,0.000000,0.000000,0.600000,0.042695,-0.062016,0.027100,0.002105,-0.003424,0.001201
2.0200,0.000000,0.000000,-0.000000,0.000062,0.000041,-0.000013,0.000000,0.000000,0.600000,0.042675,-0.062007,0.027105,0.002106,-0.003427,0.001199
2.0400,0.000005,0.000003,-0.000001,0.000488,0.000325,-0.000102,0.000000,0.000000,0.600000,0.042680,-0.062019,0.027117,0.002108,-0.003427,0.001198
2.0600,0.000025,0.000016,-0.000005,0.001621,0.001081,-0.000338,0.000000,0.000000,0.600000,0.042652,-0.062016,0.027109,0.002107,-0.003427,0.001198
2.0800,0.000077,0.000051,-0.000016,0.003784,0.002523,-0.000788,0.000001,0.000001,0.600002,0.042649,-0.062023,0.027118,0.002104,-0.003426,0.001198
2.1000,0.000185,0.000123,-0.000038,0.007277,0.004851,-0.001516,0.000002,0.000002,0.600004,0.042655,-0.062020,0.027133,0.002103,-0.003426,0.001197
2.1200,0.000378,0.000252,-0.000079,0.012380,0.008253,-0.002579,0.000004,0.000003,0.600008,0.042643,-0.062006,0.027134,0.002099,-0.003426,0.001197
2.1400,0.000692,0.000462,-0.000144,0.019352,0.012901,-0.004032,0.000007,0.000006,0.600014,0.042652,-0.061979,0.027139,0.002098,-0.003427,0.001196
2.1600,0.001167,0.000778,-0.000243,0.028433,0.018955,-0.005924,0.000012,0.000010,0.600023,0.042655,-0.061950,0.027142,0.002099,-0.003427,0.001195
2.1800,0.001845,0.001230,-0.000384,0.039843,0.026562,-0.008301,0.000018,0.000016,0.600037,0.042652,-0.061950,0.027119,0.002099,-0.003426,0.001194
2.2000,0.002777,0.001851,-0.000579,0.053784,0.035856,-0.011205,0.000028,0.000025,0.600056,0.042655,-0.061966,0.027099,0.002100,-0.003425,0.001194
2.2200,0.004015,0.002676,-0.000836,0.070438,0.046958,-0.014674,0.000040,0.000036,0.600080,0.042649,-0.061978,0.027089,0.002097,-0.003428,0.001194
2.2400,0.005614,0.003743,-0.001170,0.089968,0.059979,-0.018743,0.000056,0.000050,0.600112,0.042636,-0.061986,0.027090,0.002097,-0.003428,0.001193
2.2600,0.007634,0.005089,-0.001590,0.112523,0.075015,-0.023442,0.000076,0.000068,0.600153,0.042642,-0.061958,0.027086,0.002098,-0.003428,0.001193
2.2800,0.010136,0.006757,-0.002112,0.138232,0.092155,-0.028798,0.000101,0.000090,0.600203,0.042629,-0.061963,0.027081,0.002098,-0.003427,0.001193
2.3000,0.013185,0.008790,-0.002747,0.167207,0.111471,-0.034835,0.000132,0.000117,0.600264,0.042627,-0.061948,0.027098,0.002100,-0.003426,0.001192
2.3200,0.016847,0.011231,-0.003510,0.199546,0.133031,-0.041572,0.000168,0.000150,0.600337,0.042626,-0.061926,0.027101,0.002097,-0.003425,0.001193
2.3400,0.021189,0.014126,-0.004414,0.235329,0.156886,-0.049027,0.000212,0.000188,0.600424,0.042639,-0.061924,0.027095,0.002097,-0.003424,0.001197
2.3600,0.026283,0.017522,-0.005476,0.274621,0.183080,-0.057213,0.000263,0.000234,0.600526,0.042642,-0.061904,0.027098,0.002096,-0.003424,0.001193
2.3800,0.032198,0.021465,-0.006708,0.317473,0.211648,-0.066140,0.000322,0.000286,0.600644,0.042660,-0.061921,0.027103,0.002097,-0.003423,0.001193
2.4000,0.039006,0.026004,-0.008126,0.363921,0.242613,-0.075817,0.000390,0.000347,0.600780,0.042665,-0.061908,0.027098,0.002100,-0.003423,0.001194
2.4200,0.046779,0.031186,-0.009746,0.413987,0.275990,-0.086247,0.000468,0.000416,0.600936,0.042696,-0.061908,0.027104,0.002101,-0.003423,0.001194
2.4400,0.055590,0.037060,-0.011581,0.467679,0.311784,-0.097433,0.000556,0.000494,0.601112,0.042697,-0.061921,0.027116,0.002102,-0.003422,0.001193
2.4600,0.065510,0.043673,-0.013648,0.524993,0.349992,-0.109374,0.000655,0.000582,0.601310,0.042729,-0.061928,0.027121,0.002104,-0.003422,0.001194
2.4800,0.076613,0.051075,-0.015961,0.585910,0.390602,-0.122065,0.000766,0.000681,0.601532,0.042721,-0.061902,0.027119,0.002103,-0.003419,0.001192
2.5000,0.088971,0.059313,-0.018536,0.650401,0.433593,-0.135501,0.000890,0.000791,0.601779,0.042726,-0.061913,0.027124,0.002102,-0.003424,0.001192
2.5200,0.102653,0.068435,-0.021386,0.718425,0.478939,-0.149673,0.001027,0.000912,0.602053,0.042742,-0.061899,0.027110,0.002102,-0.003426,0.001193
2.5400,0.117731,0.078486,-0.024527,0.789928,0.526603,-0.164569,0.001177,0.001046,0.602355,0.042740,-0.061907,0.027124,0.002103,-0.003425,0.001195
2.5600,0.134273,0.089514,-0.027974,0.864847,0.576542,-0.180178,0.001343,0.001194,0.602685,0.042734,-0.061900,0.027122,0.002106,-0.003425,0.001192
2.5800,0.152347,0.101563,-0.031739,0.943107,0.628706,-0.196482,0.001523,0.001354,0.603047,0.042746,-0.061904,0.027111,0.002107,-0.003425,0.001193
2.6000,0.172019,0.114677,-0.035837,1.024624,0.683038,-0.213466,0.001720,0.001529,0.603440,0.042741,-0.061906,0.027123,0.002108,-0.003426,0.001194
2.6200,0.193353,0.128898,-0.040282,1.109303,0.739474,-0.231108,0.001933,0.001719,0.603867,0.042716,-0.061910,0.027118,0.002106,-0.003426,0.001192
2.6400,0.216411,0.144269,-0.045086,1.197042,0.797945,-0.249388,0.002164,0.001924,0.604328,0.042718,-0.061917,0.027123,0.002107,-0.003427,0.001191
2.6600,0.241254,0.160829,-0.050262,1.287727,0.858374,-0.268282,0.002412,0.002144,0.604825,0.042732,-0.061916,0.027129,0.002109,-0.003425,0.001191
2.6800,0.267939,0.178617,-0.055821,1.381240,0.920680,-0.287766,0.002679,0.002381,0.605359,0.042741,-0.061921,0.027130,0.002110,-0.003425,0.001190
2.7000,0.296522,0.197668,-0.061776,1.477450,0.984774,-0.307812,0.002965,0.002635,0.605930,0.042753,-0.061914,0.027094,0.002111,-0.003425,0.001191
2.7200,0.327054,0.218019,-0.068137,1.576223,1.050566,-0.328393,0.003270,0.002907,0.606541,0.042759,-0.061879,0.027113,0.002111,-0.003425,0.001192
2.7400,0.359587,0.239702,-0.074915,1.677416,1.117956,-0.349479,0.003596,0.003196,0.607192,0.042768,-0.061867,0.027106,0.002111,-0.003425,0.001193
2.7600,0.394166,0.262747,-0.082120,1.780879,1.186842,-0.371038,0.003941,0.003503,0.607883,0.042766,-0.061879,0.027108,0.002112,-0.003426,0.001195
2.7800,0.430836,0.287185,-0.089760,1.886455,1.257118,-0.393039,0.004308,0.003828,0.608617,0.042734,-0.061888,0.027110,0.002111,-0.003426,0.001194
2.8000,0.469637,0.313041,-0.097844,1.993984,1.328671,-0.415448,0.004696,0.004173,0.609393,0.042733,-0.061872,0.027127,0.002114,-0.003426,0.001193
2.8200,0.510607,0.340339,-0.106380,2.103299,1.401387,-0.438231,0.005105,0.004537,0.610212,0.042727,-0.061880,0.027152,0.002114,-0.003426,0.001194
2.8400,0.553780,0.369103,-0.115375,2.214227,1.475145,-0.461351,0.005537,0.004920,0.611076,0.042723,-0.061870,0.027144,0.002114,-0.003426,0.001195
2.8600,0.599186,0.399351,-0.124836,2.326592,1.549823,-0.484773,0.005990,0.005323,0.611984,0.042721,-0.061860,0.027124,0.002115,-0.003426,0.001196
2.8800,0.646852,0.431101,-0.134768,2.440214,1.625296,-0.508459,0.006467,0.005746,0.612937,0.042745,-0.061847,0.027138,0.002118,-0.003426,0.001196
2.9000,0.696802,0.464367,-0.145176,2.554907,1.701433,-0.532371,0.006966,0.006189,0.613936,0.042736,-0.061859,0.027134,0.002117,-0.003424,0.001195
2.9200,0.749054,0.499162,-0.156064,2.670486,1.778102,-0.556471,0.007487,0.006652,0.614981,0.042752,-0.061849,0.027127,0.002118,-0.003425,0.001193
2.9400,0.803626,0.535494,-0.167436,2.786758,1.855170,-0.580718,0.008032,0.007136,0.616073,0.042749,-0.061838,0.027116,0.002119,-0.003424,0.001193
2.9600,0.860528,0.573371,-0.179294,2.903533,1.932500,-0.605074,0.008601,0.007640,0.617211,0.042734,-0.061828,0.027130,0.002121,-0.003424,0.001191
2.9800,0.919769,0.612795,-0.191639,3.020615,2.009953,-0.629498,0.009192,0.008164,0.618395,0.042725,-0.061836,0.027129,0.002122,-0.003422,0.001192
3.0000,0.981353,0.653769,-0.204474,3.137808,2.087390,-0.653951,0.009807,0.008709,0.619627,0.042751,-0.061837,0.027130,0.002123,-0.003422,0.001193
3.0200,1.045281,0.696290,-0.217797,3.254916,2.164668,-0.678391,0.010444,0.009275,0.620906,0.042755,-0.061846,0.027137,0.002124,-0.003421,0.001192
3.0400,1.111548,0.740353,-0.231609,3.371741,2.241646,-0.702778,0.011105,0.009860,0.622231,0.042787,-0.061828,0.027148,0.002123,-0.003420,0.001190
3.0600,1.180147,0.785952,-0.245908,3.488086,2.318181,-0.727072,0.011789,0.010466,0.623603,0.042786,-0.061814,0.027111,0.002121,-0.003419,0.001190
3.0800,1.251067,0.833077,-0.260691,3.603753,2.394129,-0.751232,0.012496,0.011092,0.625021,0.042781,-0.061799,0.027115,0.002121,-0.003417,0.001190
3.1000,1.324292,0.881713,-0.275956,3.718547,2.469348,-0.775218,0.013226,0.011738,0.626486,0.042766,-0.061810,0.027103,0.002121,-0.003419,0.001191
3.1200,1.399802,0.931845,-0.291698,3.832273,2.543696,-0.798990,0.013978,0.012403,0.627996,0.042755,-0.061808,0.027106,0.002121,-0.003418,0.001191
3.1400,1.477574,0.983454,-0.307914,3.944739,2.617031,-0.822508,0.014752,0.013087,0.629551,0.042758,-0.061805,0.027113,0.002119,-0.003418,0.001188
3.1600,1.557582,1.036518,-0.324597,4.055753,2.689213,-0.845735,0.015548,0.013790,0.631152,0.042786,-0.061801,0.027120,0.002117,-0.003418,0.001188
3.1800,1.639794,1.091014,-0.341741,4.165130,2.760103,-0.868631,0.016365,0.014512,0.632796,0.042790,-0.061809,0.027090,0.002120,-0.003418,0.001188
3.2000,1.724175,1.146913,-0.359339,4.272685,2.829566,-0.891159,0.017204,0.015251,0.634483,0.042803,-0.061790,0.027097,0.002120,-0.003417,0.001190
3.2200,1.810688,1.204186,-0.377385,4.378238,2.897469,-0.913282,0.018063,0.016008,0.636214,0.042797,-0.061804,0.027107,0.002120,-0.003418,0.001191
3.2400,1.899290,1.262800,-0.395868,4.481615,2.963680,-0.934964,0.018942,0.016782,0.637986,0.042809,-0.061811,0.027090,0.002120,-0.003417,0.001192
3.2600,1.989937,1.322721,-0.414780,4.582645,3.028074,-0.956172,0.019841,0.017573,0.639799,0.042833,-0.061833,0.027109,0.002119,-0.003417,0.001193
3.2800,2.082579,1.383910,-0.434111,4.681164,3.090527,-0.976870,0.020759,0.018380,0.641652,0.042847,-0.061828,0.027101,0.002119,-0.003418,0.001194
3.3000,2.177165,1.446328,-0.453851,4.777014,3.150923,-0.997028,0.021695,0.019202,0.643543,0.042842,-0.061818,0.027113,0.002121,-0.003420,0.001193
3.3200,2.273641,1.509933,-0.473989,4.870044,3.209147,-1.016614,0.022649,0.020038,0.645473,0.042821,-0.061823,0.027111,0.002121,-0.003419,0.001191
3.3400,2.371947,1.574679,-0.494512,4.960109,3.265092,-1.035598,0.023620,0.020889,0.647439,0.042825,-0.061839,0.027089,0.002121,-0.003418,0.001191
3.3600,2.472024,1.640521,-0.515408,5.047073,3.318657,-1.053954,0.024608,0.021753,0.649440,0.042842,-0.061811,0.027101,0.002121,-0.003418,0.001190
3.3800,2.573809,1.707409,-0.536666,5.130809,3.369747,-1.071655,0.025611,0.022629,0.651476,0.042830,-0.061835,0.027098,0.002120,-0.003419,0.001191
3.4000,2.677234,1.775293,-0.558270,5.211197,3.418274,-1.088676,0.026629,0.023517,0.653545,0.042852,-0.061831,0.027087,0.002122,-0.003419,0.001189
3.4200,2.782234,1.844122,-0.580208,5.288128,3.464157,-1.104995,0.027662,0.024416,0.655645,0.042865,-0.061809,0.027095,0.002121,-0.003420,0.001190
3.4400,2.888736,1.913842,-0.602465,5.361502,3.507324,-1.120592,0.028708,0.025325,0.657775,0.042855,-0.061797,0.027077,0.002123,-0.003421,0.001192
3.4600,2.996669,1.984397,-0.625027,5.431231,3.547710,-1.135449,0.029766,0.026243,0.659933,0.042852,-0.061818,0.027090,0.002123,-0.003422,0.001190
3.4800,3.105960,2.055731,-0.647878,5.497237,3.585259,-1.149549,0.030836,0.027169,0.662119,0.042852,-0.061807,0.027079,0.002122,-0.003420,0.001191
3.5000,3.216534,2.127788,-0.671003,5.559454,3.619925,-1.162880,0.031917,0.028103,0.664331,0.042870,-0.061813,0.027092,0.002124,-0.003419,0.001192
3.5200,3.328313,2.200509,-0.694388,5.617826,3.651670,-1.175430,0.033008,0.029044,0.666566,0.042917,-0.061807,0.027111,0.002124,-0.003419,0.001192
3.5400,3.441221,2.273835,-0.718015,5.672314,3.680467,-1.187189,0.034108,0.029991,0.668824,0.042927,-0.061810,0.027121,0.002122,-0.003421,0.001191
3.5600,3.555179,2.347708,-0.741870,5.722887,3.706299,-1.198153,0.035216,0.030942,0.671104,0.042923,-0.061801,0.027127,0.002122,-0.003422,0.001191
3.5800,3.670110,2.422067,-0.765936,5.769530,3.729160,-1.208317,0.036331,0.031897,0.673402,0.042927,-0.061821,0.027123,0.002121,-0.003423,0.001192
3.6000,3.785934,2.496854,-0.790197,5.812243,3.749052,-1.217682,0.037453,0.032855,0.675719,0.042925,-0.061836,0.027115,0.002123,-0.003421,0.001190
3.6200,3.902574,2.572009,-0.814638,5.851037,3.765991,-1.226250,0.038580,0.033816,0.678051,0.042926,-0.061833,0.027127,0.002121,-0.003417,0.001190
3.6400,4.019950,2.647474,-0.839242,5.885940,3.780003,-1.234025,0.039712,0.034777,0.680399,0.042924,-0.061808,0.027110,0.002123,-0.003417,0.001190
3.6600,4.137985,2.723190,-0.863994,5.916994,3.791124,-1.241017,0.040848,0.035739,0.682760,0.042946,-0.061799,0.027134,0.002123,-0.003415,0.001193
3.6800,4.256604,2.799100,-0.888878,5.944258,3.799402,-1.247236,0.041987,0.036701,0.685132,0.042943,-0.061804,0.027115,0.002123,-0.003416,0.001192
3.7000,4.375731,2.875148,-0.913878,5.967805,3.804897,-1.252698,0.043127,0.037661,0.687515,0.042929,-0.061818,0.027108,0.002124,-0.003416,0.001191
3.7200,4.495292,2.951278,-0.938981,5.987723,3.807680,-1.257421,0.044269,0.038619,0.689906,0.042913,-0.061817,0.027120,0.002125,-0.003417,0.001187
3.7400,4.615216,3.027438,-0.964170,6.004119,3.807833,-1.261427,0.045412,0.039574,0.692304,0.042908,-0.061805,0.027105,0.002124,-0.003418,0.001187
3.7600,4.735434,3.103574,-0.989433,6.017115,3.805450,-1.264739,0.046554,0.040526,0.694709,0.042880,-0.061797,0.027105,0.002126,-0.003415,0.001185
3.7800,4.855879,3.179639,-1.014755,6.026849,3.800635,-1.267386,0.047695,0.041473,0.697118,0.042894,-0.061822,0.027099,0.002127,-0.003414,0.001184
3.8000,4.976488,3.255584,-1.040124,6.033478,3.793503,-1.269401,0.048834,0.042414,0.699530,0.042900,-0.061811,0.027105,0.002126,-0.003417,0.001183
3.8200,5.097199,3.331365,-1.065528,6.037174,3.784181,-1.270818,0.049970,0.043350,0.701944,0.042902,-0.061800,0.027107,0.002128,-0.003417,0.001180
3.8400,5.217956,3.406938,-1.090953,6.038128,3.772807,-1.271677,0.051104,0.044280,0.704359,0.042913,-0.061828,0.027112,0.002128,-0.003416,0.001178
3.8600,5.338707,3.482264,-1.116391,6.036547,3.759526,-1.272021,0.052234,0.045202,0.706774,0.042906,-0.061822,0.027116,0.002127,-0.003415,0.001178
3.8800,5.459403,3.557307,-1.141831,6.032656,3.744498,-1.271896,0.053360,0.046117,0.709188,0.042907,-0.061836,0.027128,0.002130,-0.003416,0.001177
3.9000,5.580000,3.632034,-1.167264,6.026699,3.727888,-1.271353,0.054481,0.047024,0.711600,0.042913,-0.061825,0.027117,0.002130,-0.003416,0.001178
3.9200,5.700459,3.706414,-1.192683,6.018936,3.709873,-1.270445,0.055596,0.047922,0.714009,0.042906,-0.061838,0.027117,0.002127,-0.003416,0.001178
3.9400,5.820747,3.780421,-1.218080,6.009646,3.690639,-1.269232,0.056706,0.048812,0.716415,0.042863,-0.061837,0.027129,0.002128,-0.003417,0.001179
3.9600,5.940836,3.854032,-1.243450,5.999125,3.670379,-1.267774,0.057810,0.049692,0.718817,0.042858,-0.061842,0.027122,0.002127,-0.003420,0.001182
3.9800,6.060706,3.927230,-1.268790,5.987687,3.649296,-1.266138,0.058908,0.050562,0.721214,0.042883,-0.061825,0.027121,0.002125,-0.003419,0.001182
4.0000,6.180340,4.000000,-1.294095,5.975664,3.627599,-1.264394,0.060000,0.051423,0.723607,0.042896,-0.061817,0.027133,0.002125,-0.003419,0.001181
4.0200,6.299730,4.072331,-1.319365,5.963347,3.605468,-1.262603,0.061085,0.052274,0.725995,0.042891,-0.061794,0.027121,0.002129,-0.003418,0.001181
4.0400,6.418872,4.144216,-1.344599,5.950794,3.582941,-1.260777,0.062163,0.053114,0.728377,0.042892,-0.061799,0.027122,0.002129,-0.003417,0.001180
4.0600,6.537761,4.215646,-1.369796,5.938006,3.560022,-1.258916,0.063235,0.053944,0.730755,0.042897,-0.061805,0.027148,0.002125,-0.003416,0.001180
4.0800,6.656391,4.286614,-1.394956,5.924984,3.536713,-1.257021,0.064299,0.054764,0.733128,0.042915,-0.061827,0.027137,0.002125,-0.003417,0.001179
4.1000,6.774758,4.357112,-1.420077,5.911728,3.513015,-1.255092,0.065357,0.055573,0.735495,0.042925,-0.061815,0.027107,0.002127,-0.003416,0.001180
4.1200,6.892858,4.427132,-1.445159,5.898239,3.488932,-1.253128,0.066407,0.056371,0.737857,0.042913,-0.061822,0.027130,0.002126,-0.003415,0.001183
4.1400,7.010686,4.496667,-1.470202,5.884516,3.464467,-1.251130,0.067450,0.057158,0.740214,0.042902,-0.061828,0.027143,0.002127,-0.003417,0.001184
4.1600,7.128238,4.565709,-1.495204,5.870562,3.439622,-1.249098,0.068486,0.057934,0.742565,0.042909,-0.061852,0.027134,0.002129,-0.003417,0.001183
4.1800,7.245507,4.634249,-1.520165,5.856376,3.414399,-1.247031,0.069514,0.058698,0.744910,0.042928,-0.061849,0.027137,0.002128,-0.003415,0.001181
4.2000,7.362491,4.702282,-1.545085,5.841958,3.388802,-1.244930,0.070534,0.059452,0.747250,0.042955,-0.061862,0.027136,0.002127,-0.003417,0.001182
4.2200,7.479184,4.769799,-1.569962,5.827310,3.362834,-1.242795,0.071547,0.060193,0.749584,0.042969,-0.061853,0.027129,0.002128,-0.003418,0.001183
4.2400,7.595582,4.836793,-1.594797,5.812432,3.336497,-1.240626,0.072552,0.060923,0.751912,0.042976,-0.061837,0.027133,0.002128,-0.003419,0.001182
4.2600,7.711680,4.903256,-1.619587,5.797324,3.309794,-1.238423,0.073549,0.061641,0.754234,0.042979,-0.061798,0.027132,0.002129,-0.003419,0.001183
4.2800,7.827473,4.969182,-1.644333,5.781987,3.282727,-1.236186,0.074538,0.062347,0.756549,0.042982,-0.061790,0.027155,0.002130,-0.003420,0.001183
4.3000,7.942958,5.034563,-1.669034,5.766422,3.255301,-1.233915,0.075518,0.063041,0.758859,0.042979,-0.061809,0.027162,0.002133,-0.003419,0.001184
4.3200,8.058129,5.099392,-1.693690,5.750630,3.227518,-1.231610,0.076491,0.063722,0.761163,0.042955,-0.061824,0.027181,0.002133,-0.003418,0.001185
4.3400,8.172981,5.163662,-1.718298,5.734610,3.199381,-1.229272,0.077455,0.064392,0.763460,0.042944,-0.061818,0.027173,0.002133,-0.003421,0.001183
4.3600,8.287512,5.227365,-1.742860,5.718364,3.170893,-1.226899,0.078410,0.065048,0.765750,0.042946,-0.061832,0.027166,0.002134,-0.003421,0.001185
4.3800,8.401715,5.290495,-1.767374,5.701893,3.142058,-1.224493,0.079357,0.065692,0.768034,0.042947,-0.061830,0.027163,0.002133,-0.003422,0.001184
4.4000,8.515586,5.353045,-1.791840,5.685196,3.112878,-1.222054,0.080296,0.066323,0.770312,0.042955,-0.061792,0.027181,0.002134,-0.003422,0.001185
4.4200,8.629121,5.415008,-1.816256,5.668275,3.083356,-1.219581,0.081225,0.066941,0.772582,0.042960,-0.061852,0.027169,0.002133,-0.003422,0.001185
4.4400,8.742315,5.476377,-1.840623,5.651130,3.053497,-1.217075,0.082146,0.067546,0.774846,0.042945,-0.061848,0.027163,0.002134,-0.003420,0.001186
4.4600,8.855165,5.537145,-1.864939,5.633762,3.023302,-1.214535,0.083057,0.068138,0.777103,0.042943,-0.061851,0.027168,0.002134,-0.003420,0.001186
4.4800,8.967664,5.597307,-1.889204,5.616171,2.992776,-1.211962,0.083960,0.068717,0.779353,0.042930,-0.061847,0.027183,0.002137,-0.003420,0.001184
4.5000,9.079810,5.656854,-1.913417,5.598359,2.961922,-1.209355,0.084853,0.069282,0.781596,0.042943,-0.061850,0.027170,0.002136,-0.003422,0.001183
4.5200,9.191597,5.715781,-1.937578,5.580326,2.930743,-1.206716,0.085737,0.069834,0.783832,0.042953,-0.061838,0.027206,0.002134,-0.003425,0.001183
4.5400,9.303022,5.774082,-1.961686,5.562072,2.899243,-1.204044,0.086611,0.070372,0.786060,0.042954,-0.061829,0.027202,0.002134,-0.003426,0.001182
4.5600,9.414079,5.831749,-1.985739,5.543599,2.867424,-1.201338,0.087476,0.070896,0.788282,0.042944,-0.061827,0.027217,0.002136,-0.003428,0.001180
4.5800,9.524764,5.888777,-2.009739,5.524907,2.835291,-1.198600,0.088332,0.071407,0.790495,0.042959,-0.061815,0.027216,0.002137,-0.003426,0.001181
4.6000,9.635073,5.945159,-2.033683,5.505997,2.802848,-1.195828,0.089177,0.071904,0.792701,0.042953,-0.061831,0.027231,0.002138,-0.003425,0.001182
4.6200,9.745003,6.000889,-2.057572,5.486870,2.770097,-1.193024,0.090013,0.072386,0.794900,0.042954,-0.061832,0.027222,0.002137,-0.003423,0.001181
4.6400,9.854547,6.055960,-2.081404,5.467526,2.737042,-1.190187,0.090839,0.072855,0.797091,0.042953,-0.061835,0.027225,0.002140,-0.003422,0.001181
4.6600,9.963702,6.110368,-2.105179,5.447966,2.703687,-1.187318,0.091656,0.073309,0.799274,0.042961,-0.061818,0.027230,0.002141,-0.003425,0.001180
4.6800,10.072464,6.164106,-2.128896,5.428191,2.670035,-1.184416,0.092462,0.073749,0.801449,0.042965,-0.061810,0.027225,0.002138,-0.003422,0.001182
4.7000,10.180828,6.217168,-2.152555,5.408202,2.636091,-1.181481,0.093258,0.074175,0.803617,0.042961,-0.061788,0.027229,0.002138,-0.003421,0.001185
4.7200,10.288791,6.269548,-2.176155,5.387999,2.601858,-1.178515,0.094043,0.074586,0.805776,0.042962,-0.061764,0.027214,0.002136,-0.003421,0.001183
4.7400,10.396347,6.321240,-2.199696,5.367583,2.567339,-1.175515,0.094819,0.074983,0.807927,0.042965,-0.061738,0.027218,0.002135,-0.003422,0.001184
4.7600,10.503493,6.372239,-2.223176,5.346956,2.532539,-1.172484,0.095584,0.075365,0.810070,0.042982,-0.061751,0.027221,0.002135,-0.003423,0.001183
4.7800,10.610224,6.422540,-2.246595,5.326118,2.497461,-1.169420,0.096338,0.075732,0.812204,0.042981,-0.061759,0.027220,0.002131,-0.003425,0.001185
4.8000,10.716536,6.472136,-2.269952,5.305069,2.462109,-1.166325,0.097082,0.076085,0.814331,0.043001,-0.061766,0.027209,0.002132,-0.003424,0.001184
4.8200,10.822425,6.521022,-2.293248,5.283811,2.426487,-1.163197,0.097815,0.076422,0.816449,0.043015,-0.061771,0.027201,0.002132,-0.003422,0.001185
4.8400,10.927887,6.569194,-2.316480,5.262344,2.390599,-1.160038,0.098538,0.076745,0.818558,0.043029,-0.061812,0.027211,0.002132,-0.003423,0.001187
4.8600,11.032917,6.616645,-2.339649,5.240669,2.354449,-1.156847,0.099250,0.077053,0.820658,0.043028,-0.061829,0.027202,0.002131,-0.003423,0.001187
4.8800,11.137512,6.663370,-2.362754,5.218788,2.318041,-1.153624,0.099951,0.077346,0.822750,0.043023,-0.061833,0.027200,0.002132,-0.003422,0.001188
4.9000,11.241668,6.709365,-2.385794,5.196701,2.281379,-1.150369,0.100640,0.077624,0.824833,0.043016,-0.061833,0.027224,0.002132,-0.003421,0.001189
4.9200,11.345379,6.754623,-2.408768,5.174408,2.244466,-1.147083,0.101319,0.077886,0.826908,0.043018,-0.061823,0.027236,0.002135,-0.003422,0.001186
4.9400,11.448643,6.799142,-2.431677,5.151911,2.207307,-1.143765,0.101987,0.078134,0.828973,0.043025,-0.061794,0.027222,0.002136,-0.003419,0.001183
4.9600,11.551454,6.842914,-2.454519,5.129211,2.169906,-1.140416,0.102644,0.078366,0.831029,0.043029,-0.061788,0.027244,0.002135,-0.003419,0.001184
4.9800,11.653810,6.885936,-2.477293,5.106308,2.132268,-1.137036,0.103289,0.078583,0.833076,0.043015,-0.061790,0.027229,0.002137,-0.003419,0.001185
5.0000,11.755705,6.928203,-2.500000,5.083204,2.094395,-1.133625,0.103923,0.078785,0.835114,0.043045,-0.061813,0.027236,0.002138,-0.003417,0.001184
5.0200,11.857136,6.969710,-2.522638,5.059899,2.056293,-1.130182,0.104546,0.078971,0.837143,0.043034,-0.061781,0.027262,0.002139,-0.003416,0.001184
5.0400,11.958100,7.010453,-2.545207,5.036394,2.017965,-1.126709,0.105157,0.079142,0.839162,0.043027,-0.061778,0.027249,0.002137,-0.003418,0.001183
5.0600,12.058591,7.050428,-2.567706,5.012690,1.979416,-1.123204,0.105756,0.079297,0.841172,0.043019,-0.061758,0.027244,0.002137,-0.003419,0.001187
5.0800,12.158606,7.089629,-2.590135,4.988789,1.940650,-1.119669,0.106344,0.079437,0.843172,0.043010,-0.061755,0.027251,0.002137,-0.003419,0.001188
5.1000,12.258141,7.128052,-2.612493,4.964690,1.901671,-1.116103,0.106921,0.079562,0.845163,0.043027,-0.061711,0.027253,0.002139,-0.003421,0.001188
5.1200,12.357192,7.165694,-2.634779,4.940396,1.862483,-1.112507,0.107485,0.079671,0.847144,0.043032,-0.061724,0.027233,0.002139,-0.003422,0.001187
5.1400,12.455756,7.202550,-2.656993,4.915906,1.823092,-1.108880,0.108038,0.079764,0.849115,0.043036,-0.061732,0.027249,0.002137,-0.003423,0.001186
5.1600,12.553827,7.238616,-2.679134,4.891223,1.783500,-1.105223,0.108579,0.079842,0.851077,0.043013,-0.061717,0.027248,0.002138,-0.003422,0.001183
5.1800,12.651403,7.273889,-2.701202,4.866346,1.743713,-1.101535,0.109108,0.079904,0.853028,0.043008,-0.061711,0.027241,0.002137,-0.003421,0.001185
5.2000,12.748480,7.308364,-2.723195,4.841277,1.703734,-1.097817,0.109625,0.079951,0.854970,0.043006,-0.061724,0.027234,0.002139,-0.003423,0.001186
5.2200,12.845053,7.342037,-2.745114,4.816018,1.663569,-1.094069,0.110131,0.079982,0.856901,0.042981,-0.061715,0.027242,0.002140,-0.003421,0.001186
5.2400,12.941119,7.374905,-2.766958,4.790568,1.623221,-1.090291,0.110624,0.079998,0.858822,0.042986,-0.061739,0.027239,0.002143,-0.003418,0.001187
5.2600,13.036675,7.406965,-2.788726,4.764928,1.582696,-1.086484,0.111104,0.079998,0.860733,0.043017,-0.061726,0.027218,0.002143,-0.003418,0.001187
5.2800,13.131715,7.438212,-2.810417,4.739101,1.541997,-1.082646,0.111573,0.079982,0.862634,0.043020,-0.061737,0.027205,0.002145,-0.003419,0.001185
5.3000,13.226237,7.468643,-2.832031,4.713087,1.501128,-1.078779,0.112030,0.079951,0.864525,0.043026,-0.061710,0.027209,0.002144,-0.003420,0.001186
5.3200,13.320237,7.498256,-2.853568,4.686886,1.460095,-1.074882,0.112474,0.079904,0.866405,0.043010,-0.061679,0.027201,0.002144,-0.003419,0.001185
5.3400,13.413712,7.527046,-2.875026,4.660501,1.418902,-1.070955,0.112906,0.079842,0.868274,0.043018,-0.061668,0.027203,0.002143,-0.003415,0.001187
5.3600,13.506656,7.555011,-2.896406,4.633932,1.377553,-1.067000,0.113325,0.079764,0.870133,0.043004,-0.061673,0.027217,0.002142,-0.003417,0.001185
5.3800,13.599068,7.582147,-2.917706,4.607179,1.336054,-1.063015,0.113732,0.079671,0.871981,0.042999,-0.061675,0.027197,0.002142,-0.003419,0.001187
5.4000,13.690942,7.608452,-2.938926,4.580245,1.294407,-1.059001,0.114127,0.079562,0.873819,0.042995,-0.061696,0.027202,0.002143,-0.003419,0.001187
5.4200,13.782276,7.633923,-2.960066,4.553130,1.252619,-1.054958,0.114509,0.079437,0.875646,0.042992,-0.061712,0.027193,0.002142,-0.003419,0.001187
5.4400,13.873066,7.658556,-2.981124,4.525835,1.210694,-1.050886,0.114878,0.079297,0.877461,0.043008,-0.061732,0.027210,0.002143,-0.003419,0.001187
5.4600,13.963308,7.682349,-3.002101,4.498362,1.168635,-1.046785,0.115235,0.079142,0.879266,0.043010,-0.061728,0.027207,0.002143,-0.003418,0.001189
5.4800,14.052999,7.705301,-3.022996,4.470711,1.126449,-1.042655,0.115580,0.078971,0.881060,0.043014,-0.061727,0.027226,0.002143,-0.003417,0.001189
5.5000,14.142136,7.727407,-3.043807,4.442883,1.084139,-1.038497,0.115911,0.078785,0.882843,0.043004,-0.061712,0.027220,0.002144,-0.003418,0.001189
5.5200,14.230714,7.748665,-3.064535,4.414880,1.041710,-1.034310,0.116230,0.078583,0.884614,0.043025,-0.061727,0.027243,0.002144,-0.003418,0.001188
5.5400,14.318730,7.769074,-3.085179,4.386703,0.999167,-1.030096,0.116536,0.078366,0.886375,0.043000,-0.061713,0.027275,0.002142,-0.003418,0.001188
5.5600,14.406180,7.788631,-3.105739,4.358352,0.956514,-1.025852,0.116829,0.078134,0.888124,0.043001,-0.061723,0.027283,0.002143,-0.003418,0.001188
5.5800,14.493063,7.807334,-3.126213,4.329830,0.913756,-1.021581,0.117110,0.077886,0.889861,0.042994,-0.061728,0.027273,0.002142,-0.003417,0.001188
5.6000,14.579373,7.825181,-3.146602,4.301136,0.870898,-1.017282,0.117378,0.077624,0.891587,0.042999,-0.061744,0.027255,0.002141,-0.003420,0.001188
5.6200,14.665107,7.842169,-3.166904,4.272273,0.827945,-1.012954,0.117633,0.077346,0.893302,0.043013,-0.061760,0.027249,0.002140,-0.003418,0.001186
5.6400,14.750262,7.858298,-3.187120,4.243241,0.784901,-1.008599,0.117874,0.077053,0.895005,0.043000,-0.061742,0.027237,0.002138,-0.003417,0.001187
5.6600,14.834835,7.873565,-3.207248,4.214042,0.741771,-1.004217,0.118103,0.076745,0.896697,0.043008,-0.061749,0.027208,0.002140,-0.003416,0.001187
5.6800,14.918823,7.887968,-3.227288,4.184676,0.698559,-0.999807,0.118320,0.076422,0.898376,0.043025,-0.061767,0.027223,0.002141,-0.003416,0.001185
5.7000,15.002221,7.901507,-3.247240,4.155145,0.655271,-0.995369,0.118523,0.076085,0.900044,0.043025,-0.061765,0.027207,0.002140,-0.003419,0.001186
5.7200,15.085028,7.914179,-3.267103,4.125450,0.611911,-0.990904,0.118713,0.075732,0.901701,0.043020,-0.061766,0.027191,0.002141,-0.003417,0.001186
5.7400,15.167238,7.925983,-3.286876,4.095592,0.568484,-0.986412,0.118890,0.075365,0.903345,0.042995,-0.061756,0.027182,0.002143,-0.003417,0.001185
5.7600,15.248850,7.936918,-3.306559,4.065573,0.524995,-0.981893,0.119054,0.074983,0.904977,0.042996,-0.061775,0.027187,0.002143,-0.003418,0.001184
5.7800,15.329860,7.946982,-3.326152,4.035392,0.481448,-0.977347,0.119205,0.074586,0.906597,0.042991,-0.061793,0.027179,0.002143,-0.003417,0.001185
5.8000,15.410265,7.956175,-3.345653,4.005053,0.437848,-0.972774,0.119343,0.074175,0.908205,0.042993,-0.061783,0.027168,0.002143,-0.003418,0.001186
5.8200,15.490061,7.964496,-3.365063,3.974556,0.394200,-0.968175,0.119467,0.073749,0.909801,0.042967,-0.061775,0.027175,0.002144,-0.003419,0.001185
5.8400,15.569246,7.971943,-3.384380,3.943901,0.350509,-0.963549,0.119579,0.073309,0.911385,0.042959,-0.061770,0.027179,0.002145,-0.003419,0.001183
5.8600,15.647816,7.978516,-3.403604,3.913091,0.306779,-0.958896,0.119678,0.072855,0.912956,0.042961,-0.061769,0.027168,0.002143,-0.003421,0.001182
5.8800,15.725769,7.984214,-3.422736,3.882126,0.263016,-0.954218,0.119763,0.072386,0.914515,0.042984,-0.061787,0.027199,0.002144,-0.003421,0.001183
5.9000,15.803100,7.989036,-3.441773,3.851009,0.219224,-0.949513,0.119836,0.071904,0.916062,0.042969,-0.061786,0.027199,0.002144,-0.003422,0.001183
5.9200,15.879808,7.992983,-3.460716,3.819739,0.175408,-0.944782,0.119895,0.071407,0.917596,0.042952,-0.061801,0.027191,0.002144,-0.003422,0.001182
5.9400,15.955889,7.996052,-3.479564,3.788318,0.131573,-0.940025,0.119941,0.070896,0.919118,0.042943,-0.061797,0.027182,0.002146,-0.003423,0.001182
5.9600,16.031340,7.998245,-3.498317,3.756748,0.087723,-0.935243,0.119974,0.070372,0.920627,0.042941,-0.061772,0.027172,0.002145,-0.003422,0.001182
5.9800,16.106158,7.999561,-3.516974,3.725029,0.043864,-0.930434,0.119993,0.069834,0.922123,0.042946,-0.061771,0.027166,0.002144,-0.003421,0.001182
6.0000,16.180340,8.000000,-3.535534,3.693164,0.000000,-0.925601,0.120000,0.069282,0.923607,0.042960,-0.061781,0.027162,0.002144,-0.003423,0.001182
6.0200,16.253883,7.999561,-3.553997,3.661152,-0.043864,-0.920742,0.119993,0.068717,0.925078,0.042960,-0.061760,0.027153,0.002146,-0.003425,0.001184
6.0400,16.326785,7.998245,-3.572363,3.628996,-0.087723,-0.915857,0.119974,0.068138,0.926536,0.042942,-0.061760,0.027151,0.002145,-0.003426,0.001180
6.0600,16.399042,7.996052,-3.590631,3.596697,-0.131573,-0.910948,0.119941,0.067546,0.927981,0.042941,-0.061760,0.027132,0.002147,-0.003425,0.001180
6.0800,16.470652,7.992983,-3.608801,3.564256,-0.175408,-0.906013,0.119895,0.066941,0.929413,0.042953,-0.061761,0.027104,0.002145,-0.003426,0.001183
6.1000,16.541611,7.989036,-3.626872,3.531674,-0.219224,-0.901054,0.119836,0.066323,0.930832,0.042939,-0.061783,0.027106,0.002146,-0.003426,0.001182
6.1200,16.611918,7.984214,-3.644843,3.498953,-0.263016,-0.896070,0.119763,0.065692,0.932238,0.042944,-0.061766,0.027130,0.002145,-0.003426,0.001182
6.1400,16.681569,7.978516,-3.662714,3.466093,-0.306779,-0.891062,0.119678,0.065048,0.933631,0.042938,-0.061787,0.027137,0.002143,-0.003426,0.001182
6.1600,16.750561,7.971943,-3.680485,3.433097,-0.350509,-0.886029,0.119579,0.064392,0.935011,0.042912,-0.061762,0.027120,0.002143,-0.003428,0.001182
6.1800,16.818892,7.964496,-3.698155,3.399965,-0.394200,-0.880971,0.119467,0.063722,0.936378,0.042900,-0.061784,0.027110,0.002142,-0.003432,0.001182
6.2000,16.886559,7.956175,-3.715724,3.366699,-0.437848,-0.875890,0.119343,0.063041,0.937731,0.042915,-0.061771,0.027139,0.002144,-0.003432,0.001181
6.2200,16.953559,7.946982,-3.733191,3.333300,-0.481448,-0.870784,0.119205,0.062347,0.939071,0.042898,-0.061799,0.027140,0.002146,-0.003432,0.001180
6.2400,17.019890,7.936918,-3.750555,3.299770,-0.524995,-0.865655,0.119054,0.061641,0.940398,0.042904,-0.061792,0.027166,0.002146,-0.003431,0.001180
6.2600,17.085549,7.925983,-3.767817,3.266109,-0.568484,-0.860502,0.118890,0.060923,0.941711,0.042895,-0.061793,0.027177,0.002146,-0.003431,0.001182
6.2800,17.150533,7.914179,-3.784975,3.232319,-0.611911,-0.855326,0.118713,0.060193,0.943011,0.042889,-0.061790,0.027179,0.002148,-0.003431,0.001181
6.3000,17.214841,7.901507,-3.802030,3.198402,-0.655271,-0.850126,0.118523,0.059452,0.944297,0.042890,-0.061786,0.027196,0.002147,-0.003432,0.001182
6.3200,17.278468,7.887968,-3.818980,3.164358,-0.698559,-0.844902,0.118320,0.058698,0.945569,0.042876,-0.061779,0.027239,0.002148,-0.003434,0.001181
6.3400,17.341414,7.873565,-3.835826,3.130189,-0.741771,-0.839656,0.118103,0.057934,0.946828,0.042858,-0.061788,0.027244,0.002148,-0.003434,0.001182
6.3600,17.403675,7.858298,-3.852566,3.095897,-0.784901,-0.834386,0.117874,0.057158,0.948074,0.042855,-0.061783,0.027233,0.002148,-0.003433,0.001184
6.3800,17.465249,7.842169,-3.869201,3.061483,-0.827945,-0.829094,0.117633,0.056371,0.949305,0.042871,-0.061783,0.027236,0.002147,-0.003435,0.001185
6.4000,17.526134,7.825181,-3.885730,3.026948,-0.870898,-0.823778,0.117378,0.055573,0.950523,0.042858,-0.061752,0.027221,0.002145,-0.003437,0.001185
6.4200,17.586326,7.807334,-3.902152,2.992293,-0.913756,-0.818441,0.117110,0.054764,0.951727,0.042858,-0.061734,0.027227,0.002146,-0.003436,0.001184
6.4400,17.645825,7.788631,-3.918467,2.957520,-0.956514,-0.813081,0.116829,0.053944,0.952916,0.042848,-0.061748,0.027235,0.002146,-0.003434,0.001186
6.4600,17.704626,7.769074,-3.934675,2.922630,-0.999167,-0.807698,0.116536,0.053114,0.954093,0.042870,-0.061752,0.027219,0.002148,-0.003434,0.001190
6.4800,17.762729,7.748665,-3.950775,2.887625,-1.041710,-0.802293,0.116230,0.052274,0.955255,0.042856,-0.061772,0.027203,0.002146,-0.003439,0.001193
6.5000,17.820130,7.727407,-3.966767,2.852506,-1.084139,-0.796867,0.115911,0.051423,0.956403,0.042868,-0.061774,0.027204,0.002146,-0.003440,0.001193
6.5200,17.876828,7.705301,-3.982650,2.817275,-1.126449,-0.791418,0.115580,0.050562,0.957537,0.042847,-0.061762,0.027181,0.002147,-0.003439,0.001193
6.5400,17.932821,7.682349,-3.998423,2.781932,-1.168635,-0.785948,0.115235,0.049692,0.958656,0.042847,-0.061773,0.027189,0.002147,-0.003437,0.001193
6.5600,17.988105,7.658556,-4.014087,2.746479,-1.210694,-0.780457,0.114878,0.048812,0.959762,0.042845,-0.061777,0.027174,0.002147,-0.003437,0.001193
6.5800,18.042679,7.633923,-4.029641,2.710918,-1.252619,-0.774943,0.114509,0.047922,0.960854,0.042844,-0.061793,0.027182,0.002145,-0.003436,0.001192
6.6000,18.096541,7.608452,-4.045085,2.675250,-1.294407,-0.769409,0.114127,0.047023,0.961931,0.042839,-0.061795,0.027180,0.002147,-0.003435,0.001194
6.6200,18.149688,7.582147,-4.060418,2.639476,-1.336054,-0.763854,0.113732,0.046115,0.962994,0.042832,-0.061798,0.027197,0.002148,-0.003433,0.001196
6.6400,18.202119,7.555011,-4.075639,2.603599,-1.377553,-0.758277,0.113325,0.045197,0.964042,0.042833,-0.061802,0.027186,0.002148,-0.003433,0.001197
6.6600,18.253832,7.527046,-4.090749,2.567618,-1.418902,-0.752680,0.112906,0.044271,0.965077,0.042855,-0.061805,0.027163,0.002148,-0.003432,0.001198
6.6800,18.304823,7.498256,-4.105746,2.531536,-1.460095,-0.747062,0.112474,0.043337,0.966096,0.042850,-0.061795,0.027181,0.002148,-0.003431,0.001197
6.7000,18.355093,7.468643,-4.120631,2.495354,-1.501128,-0.741424,0.112030,0.042394,0.967102,0.042844,-0.061795,0.027182,0.002149,-0.003428,0.001198
6.7200,18.404637,7.438212,-4.135403,2.459073,-1.541997,-0.735765,0.111573,0.041442,0.968093,0.042849,-0.061800,0.027181,0.002149,-0.003427,0.001198
6.7400,18.453455,7.406965,-4.150061,2.422696,-1.582696,-0.730087,0.111104,0.040483,0.969069,0.042839,-0.061811,0.027179,0.002148,-0.003427,0.001198
6.7600,18.501544,7.374905,-4.164606,2.386222,-1.623221,-0.724388,0.110624,0.039515,0.970031,0.042856,-0.061806,0.027171,0.002145,-0.003428,0.001198
6.7800,18.548903,7.342037,-4.179037,2.349655,-1.663569,-0.718669,0.110131,0.038540,0.970978,0.042874,-0.061805,0.027146,0.002147,-0.003426,0.001196
6.8000,18.595530,7.308364,-4.193353,2.312995,-1.703734,-0.712931,0.109625,0.037558,0.971911,0.042873,-0.061817,0.027146,0.002148,-0.003429,0.001197
6.8200,18.641422,7.273889,-4.207554,2.276243,-1.743713,-0.707173,0.109108,0.036568,0.972828,0.042899,-0.061832,0.027135,0.002145,-0.003431,0.001199
6.8400,18.686579,7.238616,-4.221640,2.239402,-1.783500,-0.701396,0.108579,0.035571,0.973732,0.042903,-0.061844,0.027164,0.002144,-0.003433,0.001198
6.8600,18.730998,7.202550,-4.235610,2.202472,-1.823092,-0.695599,0.108038,0.034567,0.974620,0.042896,-0.061832,0.027176,0.002144,-0.003432,0.001198
6.8800,18.774677,7.165694,-4.249463,2.165455,-1.862483,-0.689784,0.107485,0.033556,0.975494,0.042880,-0.061829,0.027182,0.002143,-0.003432,0.001202
6.9000,18.817615,7.128052,-4.263201,2.128353,-1.901671,-0.683949,0.106921,0.032539,0.976352,0.042892,-0.061827,0.027196,0.002142,-0.003432,0.001202
6.9200,18.859811,7.089629,-4.276821,2.091167,-1.940650,-0.678096,0.106344,0.031515,0.977196,0.042892,-0.061826,0.027212,0.002142,-0.003433,0.001202
6.9400,18.901262,7.050428,-4.290325,2.053898,-1.979416,-0.672224,0.105756,0.030486,0.978025,0.042897,-0.061825,0.027229,0.002144,-0.003433,0.001200
6.9600,18.941966,7.010453,-4.303710,2.016548,-2.017965,-0.666334,0.105157,0.029450,0.978839,0.042923,-0.061838,0.027245,0.002143,-0.003433,0.001199
6.9800,18.981923,6.969710,-4.316978,1.979119,-2.056293,-0.660425,0.104546,0.028409,0.979638,0.042916,-0.061810,0.027237,0.002143,-0.003431,0.001196
7.0000,19.021130,6.928203,-4.330127,1.941611,-2.094395,-0.654498,0.103923,0.027362,0.980423,0.042914,-0.061829,0.027261,0.002144,-0.003431,0.001198
7.0200,19.059587,6.885936,-4.343158,1.904027,-2.132268,-0.648554,0.103289,0.026309,0.981192,0.042896,-0.061803,0.027276,0.002144,-0.003429,0.001197
7.0400,19.097291,6.842914,-4.356069,1.866367,-2.169906,-0.642592,0.102644,0.025252,0.981946,0.042889,-0.061814,0.027285,0.002145,-0.003429,0.001198
7.0600,19.134241,6.799142,-4.368861,1.828634,-2.207307,-0.636612,0.101987,0.024190,0.982685,0.042894,-0.061827,0.027321,0.002143,-0.003430,0.001198
7.0800,19.170436,6.754623,-4.381533,1.790829,-2.244466,-0.630614,0.101319,0.023123,0.983409,0.042873,-0.061803,0.027326,0.002143,-0.003429,0.001199
7.1000,19.205874,6.709365,-4.394086,1.752953,-2.281379,-0.624599,0.100640,0.022051,0.984117,0.042885,-0.061804,0.027314,0.002144,-0.003433,0.001198
7.1200,19.240553,6.663370,-4.406517,1.715008,-2.318041,-0.618568,0.099951,0.020975,0.984811,0.042870,-0.061816,0.027319,0.002143,-0.003435,0.001199
7.1400,19.274474,6.616645,-4.418828,1.676995,-2.354449,-0.612519,0.099250,0.019895,0.985489,0.042865,-0.061819,0.027346,0.002142,-0.003435,0.001200
7.1600,19.307633,6.569194,-4.431018,1.638916,-2.390599,-0.606453,0.098538,0.018811,0.986153,0.042898,-0.061801,0.027331,0.002143,-0.003436,0.001201
7.1800,19.340030,6.521022,-4.443086,1.600772,-2.426487,-0.600371,0.097815,0.017724,0.986801,0.042901,-0.061787,0.027342,0.002144,-0.003436,0.001200
7.2000,19.371663,6.472136,-4.455033,1.562565,-2.462109,-0.594272,0.097082,0.016633,0.987433,0.042906,-0.061788,0.027351,0.002144,-0.003435,0.001201
7.2200,19.402532,6.422540,-4.466857,1.524296,-2.497461,-0.588157,0.096338,0.015539,0.988051,0.042909,-0.061799,0.027341,0.002144,-0.003436,0.001201
7.2400,19.432635,6.372239,-4.478559,1.485967,-2.532539,-0.582026,0.095584,0.014442,0.988653,0.042914,-0.061801,0.027326,0.002145,-0.003434,0.001201
7.2600,19.461970,6.321240,-4.490138,1.447579,-2.567339,-0.575879,0.094819,0.013341,0.989239,0.042941,-0.061792,0.027319,0.002145,-0.003435,0.001201
7.2800,19.490537,6.269548,-4.501594,1.409135,-2.601858,-0.569716,0.094043,0.012239,0.989811,0.042965,-0.061792,0.027308,0.002146,-0.003436,0.001200
7.3000,19.518335,6.217168,-4.512926,1.370634,-2.636091,-0.563538,0.093258,0.011134,0.990367,0.042965,-0.061808,0.027302,0.002147,-0.003438,0.001199
7.3200,19.545362,6.164106,-4.524135,1.332080,-2.670035,-0.557344,0.092462,0.010027,0.990907,0.042957,-0.061836,0.027305,0.002144,-0.003439,0.001200
7.3400,19.571618,6.110368,-4.535220,1.293473,-2.703687,-0.551135,0.091656,0.008918,0.991432,0.042990,-0.061834,0.027306,0.002142,-0.003436,0.001198
7.3600,19.597101,6.055960,-4.546181,1.254815,-2.737042,-0.544910,0.090839,0.007807,0.991942,0.042991,-0.061827,0.027296,0.002144,-0.003437,0.001195
7.3800,19.621810,6.000889,-4.557016,1.216107,-2.770097,-0.538671,0.090013,0.006694,0.992436,0.042992,-0.061827,0.027316,0.002146,-0.003437,0.001193
7.4000,19.645745,5.945159,-4.567727,1.177352,-2.802848,-0.532417,0.089177,0.005581,0.992915,0.043006,-0.061806,0.027328,0.002147,-0.003435,0.001190
7.4200,19.668904,5.888777,-4.578313,1.138549,-2.835291,-0.526148,0.088332,0.004466,0.993378,0.042993,-0.061811,0.027334,0.002149,-0.003435,0.001192
7.4400,19.691287,5.831749,-4.588773,1.099702,-2.867424,-0.519865,0.087476,0.003350,0.993826,0.042972,-0.061823,0.027332,0.002148,-0.003437,0.001192
7.4600,19.712892,5.774082,-4.599107,1.060812,-2.899243,-0.513568,0.086611,0.002234,0.994258,0.042980,-0.061817,0.027339,0.002145,-0.003436,0.001190
7.4800,19.733719,5.715781,-4.609316,1.021879,-2.930743,-0.507257,0.085737,0.001117,0.994674,0.043002,-0.061828,0.027334,0.002146,-0.003435,0.001188
7.5000,19.753767,5.656854,-4.619398,0.982907,-2.961922,-0.500931,0.084853,0.000000,0.995075,0.042982,-0.061810,0.027334,0.002146,-0.003436,0.001188
7.5200,19.773035,5.597307,-4.629353,0.943895,-2.992776,-0.494592,0.083960,-0.001117,0.995461,0.042989,-0.061816,0.027334,0.002147,-0.003436,0.001186
7.5400,19.791522,5.537145,-4.639181,0.904846,-3.023302,-0.488240,0.083057,-0.002234,0.995830,0.042978,-0.061807,0.027327,0.002149,-0.003436,0.001185
7.5600,19.809229,5.476377,-4.648882,0.865762,-3.053497,-0.481874,0.082146,-0.003350,0.996185,0.042961,-0.061794,0.027345,0.002152,-0.003434,0.001184
7.5800,19.826153,5.415008,-4.658456,0.826643,-3.083356,-0.475495,0.081225,-0.004466,0.996523,0.042972,-0.061794,0.027346,0.002151,-0.003433,0.001185
7.6000,19.842294,5.353045,-4.667902,0.787492,-3.112878,-0.469103,0.080296,-0.005581,0.996846,0.042955,-0.061799,0.027347,0.002151,-0.003433,0.001185
7.6200,19.857652,5.290495,-4.677220,0.748310,-3.142058,-0.462697,0.079357,-0.006694,0.997153,0.042946,-0.061796,0.027344,0.002153,-0.003433,0.001184
7.6400,19.872226,5.227365,-4.686410,0.709098,-3.170893,-0.456280,0.078410,-0.007807,0.997445,0.042940,-0.061823,0.027356,0.002153,-0.003433,0.001184
7.6600,19.886016,5.163662,-4.695471,0.669858,-3.199381,-0.449849,0.077455,-0.008918,0.997720,0.042923,-0.061844,0.027356,0.002152,-0.003433,0.001184
7.6800,19.899020,5.099392,-4.704404,0.630591,-3.227518,-0.443407,0.076491,-0.010027,0.997980,0.042925,-0.061846,0.027350,0.002149,-0.003435,0.001184
7.7000,19.911239,5.034563,-4.713207,0.591300,-3.255301,-0.436952,0.075518,-0.011134,0.998225,0.042911,-0.061855,0.027329,0.002151,-0.003437,0.001185
7.7200,19.922672,4.969182,-4.721882,0.551985,-3.282727,-0.430485,0.074538,-0.012239,0.998453,0.042907,-0.061842,0.027291,0.002150,-0.003439,0.001186
7.7400,19.933319,4.903256,-4.730427,0.512649,-3.309794,-0.424007,0.073549,-0.013341,0.998666,0.042891,-0.061829,0.027318,0.002152,-0.003439,0.001185
7.7600,19.943178,4.836793,-4.738842,0.473292,-3.336497,-0.417517,0.072552,-0.014442,0.998864,0.042880,-0.061812,0.027312,0.002153,-0.003438,0.001186
7.7800,19.952250,4.769799,-4.747127,0.433917,-3.362834,-0.411015,0.071547,-0.015539,0.999045,0.042891,-0.061835,0.027323,0.002155,-0.003438,0.001186
7.8000,19.960535,4.702282,-4.755283,0.394524,-3.388802,-0.404502,0.070534,-0.016633,0.999211,0.042890,-0.061823,0.027316,0.002153,-0.003437,0.001187
7.8200,19.968031,4.634249,-4.763307,0.355116,-3.414399,-0.397978,0.069514,-0.017724,0.999361,0.042905,-0.061801,0.027344,0.002153,-0.003439,0.001189
7.8400,19.974739,4.565709,-4.771202,0.315694,-3.439622,-0.391443,0.068486,-0.018811,0.999495,0.042870,-0.061816,0.027360,0.002151,-0.003438,0.001189
7.8600,19.980659,4.496667,-4.778965,0.276260,-3.464467,-0.384898,0.067450,-0.019895,0.999613,0.042872,-0.061822,0.027346,0.002149,-0.003435,0.001189
7.8800,19.985789,4.427132,-4.786597,0.236814,-3.488932,-0.378342,0.066407,-0.020975,0.999716,0.042887,-0.061836,0.027350,0.002150,-0.003434,0.001187
7.9000,19.990131,4.357112,-4.794099,0.197360,-3.513015,-0.371775,0.065357,-0.022051,0.999803,0.042887,-0.061831,0.027362,0.002150,-0.003433,0.001188
7.9200,19.993684,4.286614,-4.801468,0.157897,-3.536713,-0.365199,0.064299,-0.023123,0.999874,0.042882,-0.061823,0.027347,0.002149,-0.003434,0.001187
7.9400,19.996447,4.215646,-4.808707,0.118428,-3.560022,-0.358612,0.063235,-0.024190,0.999929,0.042877,-0.061792,0.027372,0.002147,-0.003435,0.001185
7.9600,19.998421,4.144216,-4.815813,0.078955,-3.582941,-0.352015,0.062163,-0.025252,0.999968,0.042913,-0.061768,0.027344,0.002149,-0.003434,0.001185
7.9800,19.999605,4.072331,-4.822787,0.039478,-3.605468,-0.345409,0.061085,-0.026309,0.999992,0.042922,-0.061771,0.027356,0.002148,-0.003434,0.001185
8.0000,20.000000,4.000000,-4.829629,0.000000,-3.627599,-0.338793,0.060000,-0.027362,1.000000,0.042925,-0.061782,0.027329,0.002148,-0.003434,0.001187
8.0200,19.999605,3.927230,-4.836339,-0.039478,-3.649332,-0.332168,0.058908,-0.028409,0.999992,0.042944,-0.061756,0.027321,0.002147,-0.003432,0.001187
8.0400,19.998421,3.854029,-4.842916,-0.078955,-3.670665,-0.325534,0.057810,-0.029450,0.999968,0.042937,-0.061748,0.027341,0.002148,-0.003433,0.001187
8.0600,19.996447,3.780406,-4.849360,-0.118428,-3.691595,-0.318891,0.056706,-0.030486,0.999929,0.042949,-0.061735,0.027335,0.002148,-0.003434,0.001186
8.0800,19.993684,3.706368,-4.855671,-0.157897,-3.712121,-0.312240,0.055596,-0.031515,0.999874,0.042962,-0.061751,0.027319,0.002151,-0.003433,0.001186
8.1000,19.990131,3.631924,-4.861850,-0.197360,-3.732239,-0.305579,0.054479,-0.032539,0.999803,0.042927,-0.061750,0.027326,0.002150,-0.003433,0.001187
8.1200,19.985789,3.557081,-4.867895,-0.236814,-3.751949,-0.298911,0.053356,-0.033556,0.999716,0.042949,-0.061779,0.027325,0.002151,-0.003436,0.001188
8.1400,19.980659,3.481849,-4.873806,-0.276260,-3.771246,-0.292234,0.052228,-0.034567,0.999613,0.042963,-0.061779,0.027336,0.002151,-0.003432,0.001188
8.1600,19.974739,3.406234,-4.879584,-0.315694,-3.790131,-0.285549,0.051094,-0.035571,0.999495,0.042976,-0.061793,0.027334,0.002151,-0.003431,0.001190
8.1800,19.968031,3.330246,-4.885228,-0.355116,-3.808599,-0.278856,0.049954,-0.036568,0.999361,0.042992,-0.061789,0.027337,0.002148,-0.003432,0.001190
8.2000,19.960535,3.253893,-4.890738,-0.394524,-3.826650,-0.272156,0.048808,-0.037558,0.999211,0.042997,-0.061796,0.027328,0.002148,-0.003434,0.001188
8.2200,19.952250,3.177183,-4.896114,-0.433917,-3.844282,-0.265448,0.047658,-0.038540,0.999045,0.043031,-0.061801,0.027319,0.002148,-0.003433,0.001187
8.2400,19.943178,3.100125,-4.901356,-0.473292,-3.861491,-0.258733,0.046502,-0.039515,0.998864,0.043037,-0.061805,0.027301,0.002149,-0.003435,0.001187
8.2600,19.933319,3.022726,-4.906463,-0.512649,-3.878278,-0.252011,0.045341,-0.040483,0.998666,0.043036,-0.061793,0.027297,0.002149,-0.003433,0.001187
8.2800,19.922672,2.944996,-4.911436,-0.551985,-3.894639,-0.245282,0.044175,-0.041442,0.998453,0.043030,-0.061818,0.027305,0.002147,-0.003434,0.001186
8.3000,19.911239,2.866944,-4.916275,-0.591300,-3.910573,-0.238546,0.043004,-0.042394,0.998225,0.043039,-0.061800,0.027290,0.002144,-0.003435,0.001187
8.3200,19.899020,2.788576,-4.920978,-0.630591,-3.926078,-0.231803,0.041829,-0.043337,0.997980,0.043051,-0.061788,0.027277,0.002143,-0.003434,0.001190
8.3400,19.886016,2.709903,-4.925547,-0.669858,-3.941152,-0.225055,0.040649,-0.044271,0.997720,0.043072,-0.061777,0.027278,0.002145,-0.003435,0.001192
8.3600,19.872226,2.630933,-4.929980,-0.709098,-3.955794,-0.218300,0.039464,-0.045197,0.997445,0.043084,-0.061767,0.027283,0.002145,-0.003434,0.001194
8.3800,19.857652,2.551674,-4.934279,-0.748310,-3.970003,-0.211539,0.038275,-0.046115,0.997153,0.043058,-0.061757,0.027279,0.002146,-0.003435,0.001191
8.4000,19.842294,2.472136,-4.938442,-0.787492,-3.983776,-0.204772,0.037082,-0.047023,0.996846,0.043058,-0.061739,0.027267,0.002146,-0.003436,0.001192
8.4200,19.826153,2.392326,-4.942469,-0.826643,-3.997113,-0.198000,0.035885,-0.047922,0.996523,0.043055,-0.061727,0.027272,0.002145,-0.003431,0.001193
8.4400,19.809229,2.312254,-4.946362,-0.865762,-4.010011,-0.191222,0.034684,-0.048812,0.996185,0.043061,-0.061722,0.027276,0.002147,-0.003428,0.001193
8.4600,19.791522,2.231929,-4.950118,-0.904846,-4.022469,-0.184439,0.033479,-0.049692,0.995830,0.043073,-0.061720,0.027289,0.002149,-0.003428,0.001195
8.4800,19.773035,2.151359,-4.953739,-0.943895,-4.034486,-0.177651,0.032270,-0.050562,0.995461,0.043086,-0.061725,0.027290,0.002147,-0.003428,0.001196
8.5000,19.753767,2.070552,-4.957224,-0.982907,-4.046061,-0.170858,0.031058,-0.051423,0.995075,0.043073,-0.061705,0.027275,0.002148,-0.003426,0.001198
8.5200,19.733719,1.989519,-4.960574,-1.021879,-4.057192,-0.164061,0.029843,-0.052274,0.994674,0.043083,-0.061709,0.027265,0.002149,-0.003429,0.001198
8.5400,19.712892,1.908268,-4.963787,-1.060812,-4.067878,-0.157259,0.028624,-0.053114,0.994258,0.043070,-0.061721,0.027264,0.002147,-0.003430,0.001197
8.5600,19.691287,1.826807,-4.966864,-1.099702,-4.078118,-0.150452,0.027402,-0.053944,0.993826,0.043059,-0.061708,0.027271,0.002145,-0.003430,0.001197
8.5800,19.668904,1.745146,-4.969805,-1.138549,-4.087911,-0.143642,0.026177,-0.054764,0.993378,0.043071,-0.061712,0.027273,0.002147,-0.003429,0.001200
8.6000,19.645745,1.663294,-4.972609,-1.177352,-4.097255,-0.136827,0.024949,-0.055573,0.992915,0.043073,-0.061732,0.027264,0.002147,-0.003427,0.001201
8.6200,19.621810,1.581259,-4.975278,-1.216107,-4.106150,-0.130009,0.023719,-0.056371,0.992436,0.043064,-0.061716,0.027264,0.002148,-0.003429,0.001202
8.6400,19.597101,1.499051,-4.977810,-1.254815,-4.114595,-0.123187,0.022486,-0.057158,0.991942,0.043056,-0.061734,0.027256,0.002148,-0.003430,0.001203
8.6600,19.571618,1.416678,-4.980205,-1.293473,-4.122589,-0.116362,0.021250,-0.057934,0.991432,0.043073,-0.061726,0.027261,0.002148,-0.003432,0.001202
8.6800,19.545362,1.334150,-4.982464,-1.332080,-4.130131,-0.109534,0.020012,-0.058698,0.990907,0.043065,-0.061735,0.027247,0.002144,-0.003433,0.001202
8.7000,19.518335,1.251476,-4.984587,-1.370634,-4.137219,-0.102703,0.018772,-0.059452,0.990367,0.043082,-0.061740,0.027268,0.002142,-0.003432,0.001205
8.7200,19.490537,1.168664,-4.986572,-1.409135,-4.143854,-0.095869,0.017530,-0.060193,0.989811,0.043099,-0.061748,0.027274,0.002144,-0.003432,0.001203
8.7400,19.461970,1.085725,-4.988421,-1.447579,-4.150035,-0.089032,0.016286,-0.060923,0.989239,0.043079,-0.061752,0.027267,0.002146,-0.003429,0.001206
8.7600,19.432635,1.002666,-4.990134,-1.485967,-4.155760,-0.082193,0.015040,-0.061641,0.988653,0.043061,-0.061745,0.027240,0.002145,-0.003429,0.001205
8.7800,19.402532,0.919497,-4.991709,-1.524296,-4.161030,-0.075351,0.013792,-0.062347,0.988051,0.043051,-0.061751,0.027245,0.002144,-0.003429,0.001206
8.8000,19.371663,0.836228,-4.993148,-1.562565,-4.165844,-0.068508,0.012543,-0.063041,0.987433,0.043017,-0.061744,0.027249,0.002144,-0.003429,0.001206
8.8200,19.340030,0.752867,-4.994449,-1.600772,-4.170200,-0.061662,0.011293,-0.063722,0.986801,0.043022,-0.061744,0.027263,0.002143,-0.003428,0.001205
8.8400,19.307633,0.669423,-4.995614,-1.638916,-4.174100,-0.054815,0.010041,-0.064392,0.986153,0.043017,-0.061736,0.027286,0.002143,-0.003428,0.001205
8.8600,19.274474,0.585906,-4.996642,-1.676995,-4.177541,-0.047967,0.008789,-0.065048,0.985489,0.043027,-0.061749,0.027260,0.002142,-0.003431,0.001207
8.8800,19.240553,0.502324,-4.997533,-1.715008,-4.180525,-0.041117,0.007535,-0.065692,0.984811,0.043026,-0.061763,0.027264,0.002140,-0.003430,0.001205
8.9000,19.205874,0.418688,-4.998287,-1.752953,-4.183050,-0.034266,0.006280,-0.066323,0.984117,0.043031,-0.061739,0.027244,0.002140,-0.003431,0.001204
8.9200,19.170436,0.335005,-4.998903,-1.790829,-4.185116,-0.027414,0.005025,-0.066941,0.983409,0.043024,-0.061717,0.027247,0.002141,-0.003431,0.001203
8.9400,19.134241,0.251286,-4.999383,-1.828634,-4.186723,-0.020561,0.003769,-0.067546,0.982685,0.043024,-0.061715,0.027238,0.002141,-0.003432,0.001202
8.9600,19.097291,0.167539,-4.999726,-1.866367,-4.187872,-0.013708,0.002513,-0.068138,0.981946,0.043031,-0.061704,0.027237,0.002144,-0.003432,0.001202
8.9800,19.059587,0.083774,-4.999931,-1.904027,-4.188561,-0.006854,0.001257,-0.068717,0.981192,0.043043,-0.061696,0.027228,0.002142,-0.003431,0.001201
9.0000,19.021130,0.000000,-5.000000,-1.941611,-4.188790,-0.000000,0.000000,-0.069282,0.980423,0.043049,-0.061703,0.027238,0.002146,-0.003433,0.001201
9.0200,18.981923,-0.083774,-4.999931,-1.979119,-4.188561,0.006854,-0.001257,-0.069834,0.979638,0.043051,-0.061692,0.027215,0.002145,-0.003433,0.001203
9.0400,18.941966,-0.167539,-4.999726,-2.016548,-4.187872,0.013708,-0.002513,-0.070372,0.978839,0.043056,-0.061694,0.027234,0.002145,-0.003435,0.001204
9.0600,18.901262,-0.251286,-4.999383,-2.053898,-4.186723,0.020561,-0.003769,-0.070896,0.978025,0.043061,-0.061729,0.027236,0.002144,-0.003435,0.001204
9.0800,18.859811,-0.335005,-4.998903,-2.091167,-4.185116,0.027414,-0.005025,-0.071407,0.977196,0.043050,-0.061735,0.027237,0.002144,-0.003434,0.001203
9.1000,18.817615,-0.418688,-4.998287,-2.128353,-4.183050,0.034266,-0.006280,-0.071904,0.976352,0.043042,-0.061754,0.027230,0.002145,-0.003436,0.001203
9.1200,18.774677,-0.502324,-4.997533,-2.165455,-4.180525,0.041117,-0.007535,-0.072386,0.975494,0.043035,-0.061781,0.027222,0.002145,-0.003438,0.001205
9.1400,18.730998,-0.585906,-4.996642,-2.202472,-4.177541,0.047967,-0.008789,-0.072855,0.974620,0.043018,-0.061794,0.027248,0.002144,-0.003439,0.001205
9.1600,18.686579,-0.669423,-4.995614,-2.239402,-4.174100,0.054815,-0.010041,-0.073309,0.973732,0.043021,-0.061797,0.027258,0.002145,-0.003440,0.001206
9.1800,18.641422,-0.752867,-4.994449,-2.276243,-4.170200,0.061662,-0.011293,-0.073749,0.972828,0.043018,-0.061775,0.027260,0.002145,-0.003439,0.001205
9.2000,18.595530,-0.836228,-4.993148,-2.312995,-4.165844,0.068508,-0.012543,-0.074175,0.971911,0.043019,-0.061758,0.027256,0.002143,-0.003438,0.001207
9.2200,18.548903,-0.919497,-4.991709,-2.349655,-4.161030,0.075351,-0.013792,-0.074586,0.970978,0.043007,-0.061741,0.027251,0.002142,-0.003436,0.001205
9.2400,18.501544,-1.002666,-4.990134,-2.386222,-4.155760,0.082193,-0.015040,-0.074983,0.970031,0.043015,-0.061721,0.027272,0.002143,-0.003437,0.001205
9.2600,18.453455,-1.085725,-4.988421,-2.422696,-4.150035,0.089032,-0.016286,-0.075365,0.969069,0.042984,-0.061732,0.027264,0.002144,-0.003435,0.001204
9.2800,18.404637,-1.168664,-4.986572,-2.459073,-4.143854,0.095869,-0.017530,-0.075732,0.968093,0.043001,-0.061755,0.027254,0.002142,-0.003436,0.001200
9.3000,18.355093,-1.251476,-4.984587,-2.495354,-4.137219,0.102703,-0.018772,-0.076085,0.967102,0.042980,-0.061772,0.027257,0.002140,-0.003436,0.001200
9.3200,18.304823,-1.334150,-4.982464,-2.531536,-4.130131,0.109534,-0.020012,-0.076422,0.966096,0.042977,-0.061783,0.027243,0.002141,-0.003436,0.001198
9.3400,18.253832,-1.416678,-4.980205,-2.567618,-4.122589,0.116362,-0.021250,-0.076745,0.965077,0.042981,-0.061782,0.027224,0.002141,-0.003436,0.001197
9.3600,18.202119,-1.499051,-4.977810,-2.603599,-4.114595,0.123187,-0.022486,-0.077053,0.964042,0.042974,-0.061781,0.027221,0.002140,-0.003438,0.001196
9.3800,18.149688,-1.581259,-4.975278,-2.639476,-4.106150,0.130009,-0.023719,-0.077346,0.962994,0.042968,-0.061769,0.027203,0.002140,-0.003439,0.001196
9.4000,18.096541,-1.663294,-4.972609,-2.675250,-4.097255,0.136827,-0.024949,-0.077624,0.961931,0.042973,-0.061786,0.027214,0.002141,-0.003438,0.001195
9.4200,18.042679,-1.745146,-4.969805,-2.710918,-4.087911,0.143642,-0.026177,-0.077886,0.960854,0.042962,-0.061780,0.027230,0.002145,-0.003438,0.001195
9.4400,17.988105,-1.826807,-4.966864,-2.746479,-4.078118,0.150452,-0.027402,-0.078134,0.959762,0.042973,-0.061785,0.027214,0.002146,-0.003438,0.001196
9.4600,17.932821,-1.908268,-4.963787,-2.781932,-4.067878,0.157259,-0.028624,-0.078366,0.958656,0.042975,-0.061791,0.027229,0.002147,-0.003439,0.001194
9.4800,17.876828,-1.989519,-4.960574,-2.817275,-4.057192,0.164061,-0.029843,-0.078583,0.957537,0.042953,-0.061785,0.027239,0.002147,-0.003440,0.001192
9.5000,17.820130,-2.070552,-4.957224,-2.852506,-4.046061,0.170858,-0.031058,-0.078785,0.956403,0.042950,-0.061796,0.027241,0.002148,-0.003441,0.001192
9.5200,17.762729,-2.151359,-4.953739,-2.887625,-4.034486,0.177651,-0.032270,-0.078971,0.955255,0.042945,-0.061795,0.027223,0.002148,-0.003440,0.001191
9.5400,17.704626,-2.231929,-4.950118,-2.922630,-4.022469,0.184439,-0.033479,-0.079142,0.954093,0.042968,-0.061807,0.027180,0.002148,-0.003441,0.001194
9.5600,17.645825,-2.312254,-4.946362,-2.957520,-4.010011,0.191222,-0.034684,-0.079297,0.952916,0.042965,-0.061810,0.027168,0.002146,-0.003443,0.001194
9.5800,17.586326,-2.392326,-4.942469,-2.992293,-3.997113,0.198000,-0.035885,-0.079437,0.951727,0.042964,-0.061805,0.027150,0.002146,-0.003444,0.001194
9.6000,17.526134,-2.472136,-4.938442,-3.026948,-3.983776,0.204772,-0.037082,-0.079562,0.950523,0.042976,-0.061808,0.027167,0.002147,-0.003444,0.001194
9.6200,17.465249,-2.551674,-4.934279,-3.061483,-3.970003,0.211539,-0.038275,-0.079671,0.949305,0.042970,-0.061799,0.027163,0.002147,-0.003444,0.001193
9.6400,17.403675,-2.630933,-4.929980,-3.095897,-3.955794,0.218300,-0.039464,-0.079764,0.948074,0.042967,-0.061766,0.027187,0.002148,-0.003443,0.001194
9.6600,17.341414,-2.709903,-4.925547,-3.130189,-3.941152,0.225055,-0.040649,-0.079842,0.946828,0.042972,-0.061744,0.027198,0.002148,-0.003444,0.001196
9.6800,17.278468,-2.788576,-4.920978,-3.164358,-3.926078,0.231803,-0.041829,-0.079904,0.945569,0.042982,-0.061708,0.027191,0.002148,-0.003444,0.001194
9.7000,17.214841,-2.866944,-4.916275,-3.198402,-3.910573,0.238546,-0.043004,-0.079951,0.944297,0.042988,-0.061716,0.027202,0.002146,-0.003444,0.001195
9.7200,17.150533,-2.944996,-4.911436,-3.232319,-3.894639,0.245282,-0.044175,-0.079982,0.943011,0.042973,-0.061739,0.027204,0.002145,-0.003441,0.001194
9.7400,17.085549,-3.022726,-4.906463,-3.266109,-3.878278,0.252011,-0.045341,-0.079998,0.941711,0.042973,-0.061749,0.027194,0.002144,-0.003441,0.001193
9.7600,17.019890,-3.100125,-4.901356,-3.299770,-3.861491,0.258733,-0.046502,-0.079998,0.940398,0.042985,-0.061747,0.027174,0.002143,-0.003442,0.001194
9.7800,16.953559,-3.177183,-4.896114,-3.333300,-3.844282,0.265448,-0.047658,-0.079982,0.939071,0.042973,-0.061766,0.027192,0.002141,-0.003442,0.001197
9.8000,16.886559,-3.253893,-4.890738,-3.366699,-3.826650,0.272156,-0.048808,-0.079951,0.937731,0.042951,-0.061769,0.027205,0.002142,-0.003442,0.001197
9.8200,16.818892,-3.330246,-4.885228,-3.399965,-3.808599,0.278856,-0.049954,-0.079904,0.936378,0.042947,-0.061760,0.027211,0.002140,-0.003444,0.001196
9.8400,16.750561,-3.406234,-4.879584,-3.433097,-3.790131,0.285549,-0.051094,-0.079842,0.935011,0.042955,-0.061746,0.027217,0.002141,-0.003441,0.001191
9.8600,16.681569,-3.481849,-4.873806,-3.466093,-3.771246,0.292234,-0.052228,-0.079764,0.933631,0.042969,-0.061742,0.027213,0.002143,-0.003443,0.001190
9.8800,16.611918,-3.557081,-4.867895,-3.498953,-3.751949,0.298911,-0.053356,-0.079671,0.932238,0.042979,-0.061739,0.027219,0.002143,-0.003444,0.001189
9.9000,16.541611,-3.631924,-4.861850,-3.531674,-3.732239,0.305579,-0.054479,-0.079562,0.930832,0.042989,-0.061730,0.027216,0.002143,-0.003443,0.001189
9.9200,16.470652,-3.706368,-4.855671,-3.564256,-3.712121,0.312240,-0.055596,-0.079437,0.929413,0.042986,-0.061729,0.027213,0.002145,-0.003441,0.001189
9.9400,16.399042,-3.780406,-4.849360,-3.596697,-3.691595,0.318891,-0.056706,-0.079297,0.927981,0.042988,-0.061724,0.027213,0.002145,-0.003442,0.001189
9.9600,16.326785,-3.854029,-4.842916,-3.628996,-3.670665,0.325534,-0.057810,-0.079142,0.926536,0.043022,-0.061722,0.027210,0.002145,-0.003437,0.001189
9.9800,16.253883,-3.927230,-4.836339,-3.661152,-3.649332,0.332168,-0.058908,-0.078971,0.925078,0.043016,-0.061714,0.027204,0.002142,-0.003438,0.001188
10.0000,16.180340,-4.000000,-4.829629,-3.693164,-3.627599,0.338793,-0.060000,-0.078785,0.923607,0.043018,-0.061712,0.027213,0.002142,-0.003437,0.001187
10.0200,16.106158,-4.072331,-4.822787,-3.725029,-3.605468,0.345409,-0.061085,-0.078583,0.922123,0.043031,-0.061707,0.027234,0.002142,-0.003438,0.001187
10.0400,16.031340,-4.144216,-4.815813,-3.756748,-3.582941,0.352015,-0.062163,-0.078366,0.920627,0.043019,-0.061702,0.027242,0.002142,-0.003437,0.001186
10.0600,15.955889,-4.215646,-4.808707,-3.788318,-3.560022,0.358612,-0.063235,-0.078134,0.919118,0.043043,-0.061705,0.027228,0.002139,-0.003437,0.001187
10.0800,15.879808,-4.286614,-4.801468,-3.819739,-3.536713,0.365199,-0.064299,-0.077886,0.917596,0.043050,-0.061715,0.027210,0.002138,-0.003437,0.001188
10.1000,15.803100,-4.357112,-4.794099,-3.851009,-3.513015,0.371775,-0.065357,-0.077624,0.916062,0.043029,-0.061695,0.027218,0.002137,-0.003435,0.001186
10.1200,15.725769,-4.427132,-4.786597,-3.882126,-3.488932,0.378342,-0.066407,-0.077346,0.914515,0.043049,-0.061691,0.027218,0.002134,-0.003437,0.001189
10.1400,15.647816,-4.496667,-4.778965,-3.913091,-3.464467,0.384898,-0.067450,-0.077053,0.912956,0.043073,-0.061688,0.027218,0.002134,-0.003436,0.001189
10.1600,15.569246,-4.565709,-4.771202,-3.943901,-3.439622,0.391443,-0.068486,-0.076745,0.911385,0.043080,-0.061695,0.027238,0.002134,-0.003434,0.001188
10.1800,15.490061,-4.634249,-4.763307,-3.974556,-3.414399,0.397978,-0.069514,-0.076422,0.909801,0.043071,-0.061668,0.027237,0.002137,-0.003434,0.001188
10.2000,15.410265,-4.702282,-4.755283,-4.005053,-3.388802,0.404502,-0.070534,-0.076085,0.908205,0.043111,-0.061666,0.027238,0.002136,-0.003432,0.001186
10.2200,15.329860,-4.769799,-4.747127,-4.035392,-3.362834,0.411015,-0.071547,-0.075732,0.906597,0.043097,-0.061650,0.027249,0.002134,-0.003432,0.001186
10.2400,15.248850,-4.836793,-4.738842,-4.065573,-3.336497,0.417517,-0.072552,-0.075365,0.904977,0.043099,-0.061645,0.027274,0.002131,-0.003433,0.001187
10.2600,15.167238,-4.903256,-4.730427,-4.095592,-3.309794,0.424007,-0.073549,-0.074983,0.903345,0.043109,-0.061661,0.027301,0.002133,-0.003435,0.001190
10.2800,15.085028,-4.969182,-4.721882,-4.125450,-3.282727,0.430485,-0.074538,-0.074586,0.901701,0.043094,-0.061665,0.027303,0.002135,-0.003434,0.001187
10.3000,15.002221,-5.034563,-4.713207,-4.155145,-3.255301,0.436952,-0.075518,-0.074175,0.900044,0.043090,-0.061669,0.027280,0.002134,-0.003435,0.001185
10.3200,14.918823,-5.099392,-4.704404,-4.184676,-3.227518,0.443407,-0.076491,-0.073749,0.898376,0.043103,-0.061643,0.027284,0.002134,-0.003438,0.001184
10.3400,14.834835,-5.163662,-4.695471,-4.214042,-3.199381,0.449849,-0.077455,-0.073309,0.896697,0.043095,-0.061654,0.027289,0.002134,-0.003442,0.001185
10.3600,14.750262,-5.227365,-4.686410,-4.243241,-3.170893,0.456280,-0.078410,-0.072855,0.895005,0.043092,-0.061641,0.027327,0.002136,-0.003442,0.001185
10.3800,14.665107,-5.290495,-4.677220,-4.272273,-3.142058,0.462697,-0.079357,-0.072386,0.893302,0.043097,-0.061649,0.027327,0.002136,-0.003445,0.001186
10.4000,14.579373,-5.353045,-4.667902,-4.301136,-3.112878,0.469103,-0.080296,-0.071904,0.891587,0.043072,-0.061675,0.027310,0.002134,-0.003444,0.001187
10.4200,14.493063,-5.415008,-4.658456,-4.329830,-3.083356,0.475495,-0.081225,-0.071407,0.889861,0.043055,-0.061676,0.027327,0.002133,-0.003444,0.001184
10.4400,14.406180,-5.476377,-4.648882,-4.358352,-3.053497,0.481874,-0.082146,-0.070896,0.888124,0.043050,-0.061673,0.027328,0.002132,-0.003446,0.001183
10.4600,14.318730,-5.537145,-4.639181,-4.386703,-3.023302,0.488240,-0.083057,-0.070372,0.886375,0.043055,-0.061671,0.027351,0.002132,-0.003447,0.001184
10.4800,14.230714,-5.597307,-4.629353,-4.414880,-2.992776,0.494592,-0.083960,-0.069834,0.884614,0.043075,-0.061668,0.027343,0.002132,-0.003446,0.001185
10.5000,14.142136,-5.656854,-4.619398,-4.442883,-2.961922,0.500931,-0.084853,-0.069282,0.882843,0.043068,-0.061657,0.027337,0.002133,-0.003446,0.001184
10.5200,14.052999,-5.715781,-4.609316,-4.470711,-2.930743,0.507257,-0.085737,-0.068717,0.881060,0.043045,-0.061657,0.027361,0.002131,-0.003447,0.001186
10.5400,13.963308,-5.774082,-4.599107,-4.498362,-2.899243,0.513568,-0.086611,-0.068138,0.879266,0.043038,-0.061696,0.027348,0.002134,-0.003444,0.001185
10.5600,13.873066,-5.831749,-4.588773,-4.525835,-2.867424,0.519865,-0.087476,-0.067546,0.877461,0.043043,-0.061680,0.027342,0.002132,-0.003444,0.001183
10.5800,13.782276,-5.888777,-4.578313,-4.553130,-2.835291,0.526148,-0.088332,-0.066941,0.875646,0.043065,-0.061687,0.027335,0.002132,-0.003444,0.001184
10.6000,13.690942,-5.945159,-4.567727,-4.580245,-2.802848,0.532417,-0.089177,-0.066323,0.873819,0.043061,-0.061681,0.027318,0.002131,-0.003446,0.001182
10.6200,13.599068,-6.000889,-4.557016,-4.607179,-2.770097,0.538671,-0.090013,-0.065692,0.871981,0.043055,-0.061677,0.027331,0.002130,-0.003444,0.001183
10.6400,13.506656,-6.055960,-4.546181,-4.633932,-2.737042,0.544910,-0.090839,-0.065048,0.870133,0.043048,-0.061655,0.027323,0.002131,-0.003445,0.001181
10.6600,13.413712,-6.110368,-4.535220,-4.660501,-2.703687,0.551135,-0.091656,-0.064392,0.868274,0.043051,-0.061658,0.027338,0.002131,-0.003445,0.001182
10.6800,13.320237,-6.164106,-4.524135,-4.686886,-2.670035,0.557344,-0.092462,-0.063722,0.866405,0.043062,-0.061650,0.027360,0.002134,-0.003444,0.001183
10.7000,13.226237,-6.217168,-4.512926,-4.713087,-2.636091,0.563538,-0.093258,-0.063041,0.864525,0.043081,-0.061648,0.027387,0.002137,-0.003446,0.001184
10.7200,13.131715,-6.269548,-4.501594,-4.739101,-2.601858,0.569716,-0.094043,-0.062347,0.862634,0.043062,-0.061644,0.027408,0.002138,-0.003443,0.001183
10.7400,13.036675,-6.321240,-4.490138,-4.764928,-2.567339,0.575879,-0.094819,-0.061641,0.860733,0.043050,-0.061642,0.027389,0.002136,-0.003444,0.001183
10.7600,12.941119,-6.372239,-4.478559,-4.790568,-2.532539,0.582026,-0.095584,-0.060923,0.858822,0.043066,-0.061637,0.027398,0.002135,-0.003444,0.001182
10.7800,12.845053,-6.422540,-4.466857,-4.816018,-2.497461,0.588157,-0.096338,-0.060193,0.856901,0.043078,-0.061626,0.027384,0.002136,-0.003443,0.001181
10.8000,12.748480,-6.472136,-4.455033,-4.841277,-2.462109,0.594272,-0.097082,-0.059452,0.854970,0.043067,-0.061626,0.027411,0.002137,-0.003445,0.001178
10.8200,12.651403,-6.521022,-4.443086,-4.866346,-2.426487,0.600371,-0.097815,-0.058698,0.853028,0.043058,-0.061647,0.027421,0.002139,-0.003444,0.001178
10.8400,12.553827,-6.569194,-4.431018,-4.891223,-2.390599,0.606453,-0.098538,-0.057934,0.851077,0.043028,-0.061652,0.027405,0.002140,-0.003444,0.001179
10.8600,12.455756,-6.616645,-4.418828,-4.915906,-2.354449,0.612519,-0.099250,-0.057158,0.849115,0.043043,-0.061666,0.027393,0.002139,-0.003446,0.001180
10.8800,12.357192,-6.663370,-4.406517,-4.940396,-2.318041,0.618568,-0.099951,-0.056371,0.847144,0.043027,-0.061660,0.027392,0.002139,-0.003446,0.001178
10.9000,12.258141,-6.709365,-4.394086,-4.964690,-2.281379,0.624599,-0.100640,-0.055573,0.845163,0.043021,-0.061684,0.027374,0.002139,-0.003447,0.001178
10.9200,12.158606,-6.754623,-4.381533,-4.988789,-2.244466,0.630614,-0.101319,-0.054764,0.843172,0.043021,-0.061722,0.027382,0.002140,-0.003446,0.001179
10.9400,12.058591,-6.799142,-4.368861,-5.012690,-2.207307,0.636612,-0.101987,-0.053944,0.841172,0.043058,-0.061732,0.027379,0.002139,-0.003446,0.001176
10.9600,11.958100,-6.842914,-4.356069,-5.036394,-2.169906,0.642592,-0.102644,-0.053114,0.839162,0.043052,-0.061754,0.027384,0.002138,-0.003446,0.001178
10.9800,11.857136,-6.885936,-4.343158,-5.059899,-2.132268,0.648554,-0.103289,-0.052274,0.837143,0.043060,-0.061781,0.027389,0.002137,-0.003449,0.001179
11.0000,11.755705,-6.928203,-4.330127,-5.083204,-2.094395,0.654498,-0.103923,-0.051423,0.835114,0.043050,-0.061763,0.027402,0.002139,-0.003450,0.001179
11.0200,11.653810,-6.969710,-4.316978,-5.106308,-2.056293,0.660425,-0.104546,-0.050562,0.833076,0.043062,-0.061757,0.027399,0.002141,-0.003453,0.001179
11.0400,11.551454,-7.010453,-4.303710,-5.129211,-2.017965,0.666334,-0.105157,-0.049692,0.831029,0.043046,-0.061790,0.027402,0.002141,-0.003453,0.001180
11.0600,11.448643,-7.050428,-4.290325,-5.151911,-1.979416,0.672224,-0.105756,-0.048812,0.828973,0.043068,-0.061781,0.027394,0.002140,-0.003453,0.001181
11.0800,11.345379,-7.089629,-4.276821,-5.174408,-1.940650,0.678096,-0.106344,-0.047922,0.826908,0.043064,-0.061774,0.027377,0.002141,-0.003451,0.001182
11.1000,11.241668,-7.128052,-4.263201,-5.196701,-1.901671,0.683949,-0.106921,-0.047023,0.824833,0.043075,-0.061772,0.027373,0.002141,-0.003451,0.001180
11.1200,11.137512,-7.165694,-4.249463,-5.218788,-1.862483,0.689784,-0.107485,-0.046115,0.822750,0.043054,-0.061755,0.027369,0.002141,-0.003451,0.001179
11.1400,11.032917,-7.202550,-4.235610,-5.240669,-1.823092,0.695599,-0.108038,-0.045197,0.820658,0.043030,-0.061757,0.027362,0.002143,-0.003451,0.001178
11.1600,10.927887,-7.238616,-4.221640,-5.262344,-1.783500,0.701396,-0.108579,-0.044271,0.818558,0.043031,-0.061776,0.027376,0.002144,-0.003452,0.001177
11.1800,10.822425,-7.273889,-4.207554,-5.283811,-1.743713,0.707173,-0.109108,-0.043337,0.816449,0.043004,-0.061796,0.027378,0.002146,-0.003451,0.001178
11.2000,10.716536,-7.308364,-4.193353,-5.305069,-1.703734,0.712931,-0.109625,-0.042394,0.814331,0.043031,-0.061777,0.027400,0.002145,-0.003455,0.001178
11.2200,10.610224,-7.342037,-4.179037,-5.326118,-1.663569,0.718669,-0.110131,-0.041442,0.812204,0.043028,-0.061765,0.027394,0.002143,-0.003456,0.001179
11.2400,10.503493,-7.374905,-4.164606,-5.346956,-1.623221,0.724388,-0.110624,-0.040483,0.810070,0.043050,-0.061782,0.027408,0.002144,-0.003455,0.001179
11.2600,10.396347,-7.406965,-4.150061,-5.367583,-1.582696,0.730087,-0.111104,-0.039515,0.807927,0.043023,-0.061772,0.027384,0.002146,-0.003456,0.001178
11.2800,10.288791,-7.438212,-4.135403,-5.387999,-1.541997,0.735765,-0.111573,-0.038540,0.805776,0.043038,-0.061771,0.027383,0.002146,-0.003455,0.001176
11.3000,10.180828,-7.468643,-4.120631,-5.408202,-1.501128,0.741424,-0.112030,-0.037558,0.803617,0.043015,-0.061761,0.027380,0.002147,-0.003455,0.001175
11.3200,10.072464,-7.498256,-4.105746,-5.428191,-1.460095,0.747062,-0.112474,-0.036568,0.801449,0.043025,-0.061761,0.027383,0.002147,-0.003456,0.001172
11.3400,9.963702,-7.527046,-4.090749,-5.447966,-1.418902,0.752680,-0.112906,-0.035571,0.799274,0.043017,-0.061768,0.027398,0.002151,-0.003455,0.001174
11.3600,9.854547,-7.555011,-4.075639,-5.467526,-1.377553,0.758277,-0.113325,-0.034567,0.797091,0.042994,-0.061770,0.027391,0.002149,-0.003456,0.001177
11.3800,9.745003,-7.582147,-4.060418,-5.486870,-1.336054,0.763854,-0.113732,-0.033556,0.794900,0.042989,-0.061754,0.027380,0.002152,-0.003457,0.001177
11.4000,9.635073,-7.608452,-4.045085,-5.505997,-1.294407,0.769409,-0.114127,-0.032539,0.792701,0.043012,-0.061755,0.027382,0.002151,-0.003458,0.001178
11.4200,9.524764,-7.633923,-4.029641,-5.524907,-1.252619,0.774943,-0.114509,-0.031515,0.790495,0.043011,-0.061738,0.027383,0.002151,-0.003457,0.001175
11.4400,9.414079,-7.658556,-4.014087,-5.543599,-1.210694,0.780457,-0.114878,-0.030486,0.788282,0.043015,-0.061744,0.027399,0.002150,-0.003457,0.001176
11.4600,9.303022,-7.682349,-3.998423,-5.562072,-1.168635,0.785948,-0.115235,-0.029450,0.786060,0.043000,-0.061748,0.027396,0.002150,-0.003457,0.001176
11.4800,9.191597,-7.705301,-3.982650,-5.580326,-1.126449,0.791418,-0.115580,-0.028409,0.783832,0.043019,-0.061763,0.027377,0.002152,-0.003456,0.001174
11.5000,9.079810,-7.727407,-3.966767,-5.598359,-1.084139,0.796867,-0.115911,-0.027362,0.781596,0.043018,-0.061766,0.027390,0.002152,-0.003456,0.001172
11.5200,8.967664,-7.748665,-3.950775,-5.616171,-1.041710,0.802293,-0.116230,-0.026309,0.779353,0.043014,-0.061772,0.027394,0.002152,-0.003455,0.001170
11.5400,8.855165,-7.769074,-3.934675,-5.633762,-0.999167,0.807698,-0.116536,-0.025252,0.777103,0.042995,-0.061749,0.027394,0.002150,-0.003453,0.001167
11.5600,8.742315,-7.788631,-3.918467,-5.651130,-0.956514,0.813081,-0.116829,-0.024190,0.774846,0.042991,-0.061755,0.027393,0.002149,-0.003454,0.001167
11.5800,8.629121,-7.807334,-3.902152,-5.668275,-0.913756,0.818441,-0.117110,-0.023123,0.772582,0.042982,-0.061757,0.027398,0.002150,-0.003458,0.001166
11.6000,8.515586,-7.825181,-3.885730,-5.685196,-0.870898,0.823778,-0.117378,-0.022051,0.770312,0.042984,-0.061755,0.027404,0.002151,-0.003455,0.001166
11.6200,8.401715,-7.842169,-3.869201,-5.701893,-0.827945,0.829094,-0.117633,-0.020975,0.768034,0.042968,-0.061740,0.027397,0.002150,-0.003454,0.001167
11.6400,8.287512,-7.858298,-3.852566,-5.718364,-0.784901,0.834386,-0.117874,-0.019895,0.765750,0.042959,-0.061742,0.027388,0.002150,-0.003455,0.001168
11.6600,8.172981,-7.873565,-3.835826,-5.734610,-0.741771,0.839656,-0.118103,-0.018811,0.763460,0.042948,-0.061763,0.027403,0.002149,-0.003457,0.001170
11.6800,8.058129,-7.887968,-3.818980,-5.750630,-0.698559,0.844902,-0.118320,-0.017724,0.761163,0.042944,-0.061747,0.027389,0.002148,-0.003457,0.001171
11.7000,7.942958,-7.901507,-3.802030,-5.766422,-0.655271,0.850126,-0.118523,-0.016633,0.758859,0.042961,-0.061729,0.027380,0.002149,-0.003456,0.001171
11.7200,7.827473,-7.914179,-3.784975,-5.781987,-0.611911,0.855326,-0.118713,-0.015539,0.756549,0.042961,-0.061716,0.027369,0.002148,-0.003459,0.001169
11.7400,7.711680,-7.925983,-3.767817,-5.797324,-0.568484,0.860502,-0.118890,-0.014442,0.754234,0.042937,-0.061712,0.027375,0.002149,-0.003456,0.001167
11.7600,7.595582,-7.936918,-3.750555,-5.812432,-0.524995,0.865655,-0.119054,-0.013341,0.751912,0.042921,-0.061708,0.027376,0.002149,-0.003458,0.001167
11.7800,7.479184,-7.946982,-3.733191,-5.827310,-0.481448,0.870784,-0.119205,-0.012239,0.749584,0.042932,-0.061726,0.027385,0.002150,-0.003458,0.001166
11.8000,7.362491,-7.956175,-3.715724,-5.841958,-0.437848,0.875890,-0.119343,-0.011134,0.747250,0.042918,-0.061722,0.027378,0.002151,-0.003462,0.001163
11.8200,7.245507,-7.964496,-3.698155,-5.856376,-0.394200,0.880971,-0.119467,-0.010027,0.744910,0.042920,-0.061717,0.027392,0.002151,-0.003461,0.001162
11.8400,7.128238,-7.971943,-3.680485,-5.870562,-0.350509,0.886029,-0.119579,-0.008918,0.742565,0.042924,-0.061696,0.027391,0.002152,-0.003459,0.001164
11.8600,7.010686,-7.978516,-3.662714,-5.884516,-0.306779,0.891062,-0.119678,-0.007807,0.740214,0.042912,-0.061715,0.027398,0.002153,-0.003460,0.001164
11.8800,6.892858,-7.984214,-3.644843,-5.898239,-0.263016,0.896070,-0.119763,-0.006694,0.737857,0.042901,-0.061722,0.027395,0.002153,-0.003459,0.001161
11.9000,6.774758,-7.989036,-3.626872,-5.911728,-0.219224,0.901054,-0.119836,-0.005581,0.735495,0.042899,-0.061737,0.027364,0.002152,-0.003460,0.001160
11.9200,6.656391,-7.992983,-3.608801,-5.924984,-0.175408,0.906013,-0.119895,-0.004466,0.733128,0.042916,-0.061745,0.027372,0.002151,-0.003459,0.001160
11.9400,6.537761,-7.996052,-3.590631,-5.938006,-0.131573,0.910948,-0.119941,-0.003350,0.730755,0.042912,-0.061734,0.027369,0.002151,-0.003456,0.001159
11.9600,6.418872,-7.998245,-3.572363,-5.950794,-0.087723,0.915857,-0.119974,-0.002234,0.728377,0.042884,-0.061751,0.027374,0.002153,-0.003456,0.001158
11.9800,6.299730,-7.999561,-3.553997,-5.963347,-0.043864,0.920742,-0.119993,-0.001117,0.725995,0.042892,-0.061744,0.027382,0.002153,-0.003456,0.001158
12.0000,6.180340,-8.000000,-3.535534,-5.975664,-0.000000,0.925601,-0.120000,-0.000000,0.723607,0.042899,-0.061754,0.027411,0.002152,-0.003458,0.001157
12.0200,6.060705,-7.999561,-3.516974,-5.987746,0.043864,0.930434,-0.119993,0.001117,0.721214,0.042886,-0.061742,0.027412,0.002154,-0.003460,0.001156
12.0400,5.940832,-7.998245,-3.498317,-5.999591,0.087723,0.935243,-0.119974,0.002234,0.718817,0.042890,-0.061741,0.027407,0.002154,-0.003460,0.001156
12.0600,5.820723,-7.996052,-3.479564,-6.011199,0.131573,0.940025,-0.119941,0.003350,0.716414,0.042893,-0.061732,0.027413,0.002154,-0.003460,0.001156
12.0800,5.700385,-7.992983,-3.460716,-6.022570,0.175408,0.944782,-0.119895,0.004466,0.714008,0.042896,-0.061704,0.027407,0.002154,-0.003460,0.001155
12.1000,5.579822,-7.989036,-3.441773,-6.033703,0.219224,0.949513,-0.119836,0.005581,0.711596,0.042884,-0.061705,0.027431,0.002153,-0.003460,0.001156
12.1200,5.459039,-7.984214,-3.422736,-6.044598,0.263016,0.954218,-0.119763,0.006694,0.709181,0.042895,-0.061690,0.027438,0.002154,-0.003457,0.001155
12.1400,5.338040,-7.978516,-3.403604,-6.055254,0.306779,0.958896,-0.119678,0.007807,0.706761,0.042904,-0.061696,0.027449,0.002152,-0.003458,0.001155
12.1600,5.216830,-7.971943,-3.384380,-6.065672,0.350509,0.963549,-0.119579,0.008918,0.704337,0.042915,-0.061695,0.027444,0.002152,-0.003458,0.001155
12.1800,5.095415,-7.964496,-3.365063,-6.075850,0.394200,0.968175,-0.119467,0.010027,0.701908,0.042910,-0.061712,0.027447,0.002152,-0.003460,0.001155
12.2000,4.973798,-7.956175,-3.345653,-6.085787,0.437848,0.972774,-0.119343,0.011134,0.699476,0.042920,-0.061719,0.027430,0.002150,-0.003463,0.001156
12.2200,4.851985,-7.946982,-3.326152,-6.095485,0.481448,0.977347,-0.119205,0.012239,0.697040,0.042911,-0.061736,0.027455,0.002150,-0.003464,0.001157
12.2400,4.729980,-7.936918,-3.306559,-6.104942,0.524995,0.981893,-0.119054,0.013341,0.694600,0.042922,-0.061737,0.027469,0.002150,-0.003461,0.001157
12.2600,4.607789,-7.925983,-3.286876,-6.114158,0.568484,0.986412,-0.118890,0.014442,0.692156,0.042912,-0.061726,0.027454,0.002150,-0.003461,0.001158
12.2800,4.485415,-7.914179,-3.267103,-6.123133,0.611911,0.990904,-0.118713,0.015539,0.689708,0.042926,-0.061724,0.027444,0.002155,-0.003460,0.001160
12.3000,4.362865,-7.901507,-3.247240,-6.131866,0.655271,0.995369,-0.118523,0.016633,0.687257,0.042928,-0.061720,0.027449,0.002153,-0.003460,0.001159
12.3200,4.240142,-7.887968,-3.227288,-6.140357,0.698559,0.999807,-0.118320,0.017724,0.684803,0.042923,-0.061716,0.027456,0.002151,-0.003459,0.001158
12.3400,4.117252,-7.873565,-3.207248,-6.148605,0.741771,1.004217,-0.118103,0.018811,0.682345,0.042913,-0.061701,0.027477,0.002150,-0.003460,0.001159
12.3600,3.994200,-7.858298,-3.187120,-6.156611,0.784901,1.008599,-0.117874,0.019895,0.679884,0.042885,-0.061690,0.027484,0.002147,-0.003463,0.001158
12.3800,3.870989,-7.842169,-3.166904,-6.164374,0.827945,1.012954,-0.117633,0.020975,0.677420,0.042896,-0.061700,0.027482,0.002150,-0.003465,0.001158
12.4000,3.747626,-7.825181,-3.146602,-6.171893,0.870898,1.017282,-0.117378,0.022051,0.674953,0.042884,-0.061702,0.027493,0.002151,-0.003465,0.001158
12.4200,3.624115,-7.807334,-3.126213,-6.179168,0.913756,1.021581,-0.117110,0.023123,0.672482,0.042915,-0.061713,0.027480,0.002152,-0.003463,0.001158
12.4400,3.500461,-7.788631,-3.105739,-6.186200,0.956514,1.025852,-0.116829,0.024190,0.670009,0.042900,-0.061699,0.027471,0.002150,-0.003463,0.001158
12.4600,3.376669,-7.769074,-3.085179,-6.192988,0.999167,1.030096,-0.116536,0.025252,0.667533,0.042893,-0.061711,0.027475,0.002149,-0.003465,0.001156
12.4800,3.252743,-7.748665,-3.064535,-6.199531,1.041710,1.034310,-0.116230,0.026309,0.665055,0.042880,-0.061696,0.027488,0.002149,-0.003462,0.001157
12.5000,3.128689,-7.727407,-3.043807,-6.205829,1.084139,1.038497,-0.115911,0.027362,0.662574,0.042872,-0.061686,0.027514,0.002148,-0.003459,0.001157
12.5200,3.004512,-7.705301,-3.022996,-6.211882,1.126449,1.042655,-0.115580,0.028409,0.660090,0.042849,-0.061683,0.027512,0.002147,-0.003459,0.001160
12.5400,2.880216,-7.682349,-3.002101,-6.217690,1.168635,1.046785,-0.115235,0.029450,0.657604,0.042843,-0.061670,0.027506,0.002146,-0.003459,0.001159
12.5600,2.755806,-7.658556,-2.981124,-6.223253,1.210694,1.050886,-0.114878,0.030486,0.655116,0.042841,-0.061685,0.027503,0.002148,-0.003459,0.001158
12.5800,2.631287,-7.633923,-2.960066,-6.228570,1.252619,1.054958,-0.114509,0.031515,0.652626,0.042852,-0.061675,0.027499,0.002149,-0.003460,0.001161
12.6000,2.506665,-7.608452,-2.938926,-6.233641,1.294407,1.059001,-0.114127,0.032539,0.650133,0.042862,-0.061682,0.027501,0.002150,-0.003459,0.001164
12.6200,2.381943,-7.582147,-2.917706,-6.238465,1.336054,1.063015,-0.113732,0.033556,0.647639,0.042856,-0.061664,0.027497,0.002150,-0.003457,0.001163
12.6400,2.257128,-7.555011,-2.896406,-6.243044,1.377553,1.067000,-0.113325,0.034567,0.645143,0.042843,-0.061645,0.027497,0.002149,-0.003457,0.001164
12.6600,2.132223,-7.527046,-2.875026,-6.247376,1.418902,1.070955,-0.112906,0.035571,0.642644,0.042850,-0.061656,0.027488,0.002150,-0.003457,0.001165
12.6800,2.007234,-7.498256,-2.853568,-6.251462,1.460095,1.074882,-0.112474,0.036568,0.640145,0.042856,-0.061648,0.027482,0.002150,-0.003458,0.001168
12.7000,1.882166,-7.468643,-2.832031,-6.255300,1.501128,1.078779,-0.112030,0.037558,0.637643,0.042834,-0.061636,0.027512,0.002150,-0.003458,0.001167
12.7200,1.757024,-7.438212,-2.810417,-6.258892,1.541997,1.082646,-0.111573,0.038540,0.635140,0.042827,-0.061620,0.027524,0.002150,-0.003457,0.001169
12.7400,1.631812,-7.406965,-2.788726,-6.262237,1.582696,1.086484,-0.111104,0.039515,0.632636,0.042873,-0.061638,0.027524,0.002152,-0.003457,0.001169
12.7600,1.506536,-7.374905,-2.766958,-6.265334,1.623221,1.090291,-0.110624,0.040483,0.630131,0.042892,-0.061641,0.027520,0.002152,-0.003457,0.001169
12.7800,1.381201,-7.342037,-2.745114,-6.268184,1.663569,1.094069,-0.110131,0.041442,0.627624,0.042916,-0.061644,0.027521,0.002153,-0.003455,0.001167
12.8000,1.255810,-7.308364,-2.723195,-6.270787,1.703734,1.097817,-0.109625,0.042394,0.625116,0.042898,-0.061628,0.027528,0.002155,-0.003455,0.001168
12.8200,1.130371,-7.273889,-2.701202,-6.273142,1.743713,1.101535,-0.109108,0.043337,0.622607,0.042894,-0.061625,0.027527,0.002153,-0.003456,0.001168
12.8400,1.004886,-7.238616,-2.679134,-6.275249,1.783500,1.105223,-0.108579,0.044271,0.620098,0.042865,-0.061608,0.027548,0.002154,-0.003455,0.001168
12.8600,0.879362,-7.202550,-2.656993,-6.277109,1.823092,1.108880,-0.108038,0.045197,0.617587,0.042884,-0.061599,0.027541,0.002154,-0.003454,0.001168
12.8800,0.753804,-7.165694,-2.634779,-6.278721,1.862483,1.112507,-0.107485,0.046115,0.615076,0.042880,-0.061624,0.027542,0.002153,-0.003453,0.001167
12.9000,0.628215,-7.128052,-2.612493,-6.280085,1.901671,1.116103,-0.106921,0.047023,0.612564,0.042871,-0.061632,0.027531,0.002153,-0.003452,0.001164
12.9200,0.502602,-7.089629,-2.590135,-6.281201,1.940650,1.119669,-0.106344,0.047922,0.610052,0.042888,-0.061642,0.027538,0.002153,-0.003452,0.001167
12.9400,0.376969,-7.050428,-2.567706,-6.282069,1.979416,1.123204,-0.105756,0.048812,0.607539,0.042897,-0.061629,0.027521,0.002155,-0.003451,0.001166
12.9600,0.251321,-7.010453,-2.545207,-6.282689,2.017965,1.126709,-0.105157,0.049692,0.605026,0.042884,-0.061639,0.027496,0.002154,-0.003452,0.001167
12.9800,0.125663,-6.969710,-2.522638,-6.283061,2.056293,1.130182,-0.104546,0.050562,0.602513,0.042870,-0.061635,0.027511,0.002154,-0.003452,0.001168
13.0000,0.000000,-6.928203,-2.500000,-6.283185,2.094395,1.133625,-0.103923,0.051423,0.600000,0.042891,-0.061626,0.027532,0.002155,-0.003451,0.001167
13.0200,-0.125663,-6.885936,-2.477293,-6.283061,2.132268,1.137036,-0.103289,0.052274,0.597487,0.042874,-0.061618,0.027537,0.002154,-0.003452,0.001166
13.0400,-0.251321,-6.842914,-2.454519,-6.282689,2.169906,1.140416,-0.102644,0.053114,0.594974,0.042878,-0.061618,0.027523,0.002153,-0.003453,0.001166
13.0600,-0.376969,-6.799142,-2.431677,-6.282069,2.207307,1.143765,-0.101987,0.053944,0.592461,0.042911,-0.061610,0.027530,0.002152,-0.003454,0.001165
13.0800,-0.502602,-6.754623,-2.408768,-6.281201,2.244466,1.147083,-0.101319,0.054764,0.589948,0.042906,-0.061620,0.027542,0.002152,-0.003455,0.001165
13.1000,-0.628215,-6.709365,-2.385794,-6.280085,2.281379,1.150369,-0.100640,0.055573,0.587436,0.042899,-0.061607,0.027544,0.002149,-0.003453,0.001165
13.1200,-0.753804,-6.663370,-2.362754,-6.278721,2.318041,1.153624,-0.099951,0.056371,0.584924,0.042914,-0.061617,0.027550,0.002150,-0.003451,0.001168
13.1400,-0.879362,-6.616645,-2.339649,-6.277109,2.354449,1.156847,-0.099250,0.057158,0.582413,0.042904,-0.061631,0.027569,0.002150,-0.003451,0.001168
13.1600,-1.004886,-6.569194,-2.316480,-6.275249,2.390599,1.160038,-0.098538,0.057934,0.579902,0.042909,-0.061626,0.027582,0.002152,-0.003451,0.001166
13.1800,-1.130371,-6.521022,-2.293248,-6.273142,2.426487,1.163197,-0.097815,0.058698,0.577393,0.042887,-0.061636,0.027575,0.002151,-0.003453,0.001166
13.2000,-1.255810,-6.472136,-2.269952,-6.270787,2.462109,1.166325,-0.097082,0.059452,0.574884,0.042875,-0.061642,0.027563,0.002152,-0.003453,0.001166
13.2200,-1.381201,-6.422540,-2.246595,-6.268184,2.497461,1.169420,-0.096338,0.060193,0.572376,0.042871,-0.061628,0.027569,0.002153,-0.003451,0.001167
13.2400,-1.506536,-6.372239,-2.223176,-6.265334,2.532539,1.172484,-0.095584,0.060923,0.569869,0.042882,-0.061628,0.027565,0.002152,-0.003451,0.001166
13.2600,-1.631812,-6.321240,-2.199696,-6.262237,2.567339,1.175515,-0.094819,0.061641,0.567364,0.042881,-0.061636,0.027576,0.002152,-0.003450,0.001165
13.2800,-1.757024,-6.269548,-2.176155,-6.258892,2.601858,1.178515,-0.094043,0.062347,0.564860,0.042851,-0.061659,0.027566,0.002153,-0.003450,0.001163
13.3000,-1.882166,-6.217168,-2.152555,-6.255300,2.636091,1.181481,-0.093258,0.063041,0.562357,0.042851,-0.061665,0.027581,0.002153,-0.003452,0.001164
13.3200,-2.007234,-6.164106,-2.128896,-6.251462,2.670035,1.184416,-0.092462,0.063722,0.559855,0.042858,-0.061651,0.027586,0.002154,-0.003452,0.001165
13.3400,-2.132223,-6.110368,-2.105179,-6.247376,2.703687,1.187318,-0.091656,0.064392,0.557356,0.042857,-0.061664,0.027561,0.002154,-0.003452,0.001164
13.3600,-2.257128,-6.055960,-2.081404,-6.243044,2.737042,1.190187,-0.090839,0.065048,0.554857,0.042851,-0.061638,0.027569,0.002156,-0.003450,0.001164
13.3800,-2.381943,-6.000889,-2.057572,-6.238465,2.770097,1.193024,-0.090013,0.065692,0.552361,0.042840,-0.061640,0.027555,0.002158,-0.003451,0.001165
13.4000,-2.506665,-5.945159,-2.033683,-6.233641,2.802848,1.195828,-0.089177,0.066323,0.549867,0.042830,-0.061664,0.027561,0.002158,-0.003448,0.001162
13.4200,-2.631287,-5.888777,-2.009739,-6.228570,2.835291,1.198600,-0.088332,0.066941,0.547374,0.042842,-0.061677,0.027561,0.002159,-0.003449,0.001163
13.4400,-2.755806,-5.831749,-1.985739,-6.223253,2.867424,1.201338,-0.087476,0.067546,0.544884,0.042823,-0.061662,0.027587,0.002159,-0.003450,0.001162
13.4600,-2.880216,-5.774082,-1.961686,-6.217690,2.899243,1.204044,-0.086611,0.068138,0.542396,0.042824,-0.061666,0.027624,0.002157,-0.003450,0.001162
13.4800,-3.004512,-5.715781,-1.937578,-6.211882,2.930743,1.206716,-0.085737,0.068717,0.539910,0.042828,-0.061696,0.027644,0.002158,-0.003451,0.001162
13.5000,-3.128689,-5.656854,-1.913417,-6.205829,2.961922,1.209355,-0.084853,0.069282,0.537426,0.042831,-0.061721,0.027635,0.002161,-0.003452,0.001162
13.5200,-3.252743,-5.597307,-1.889204,-6.199531,2.992776,1.211962,-0.083960,0.069834,0.534945,0.042816,-0.061716,0.027639,0.002162,-0.003449,0.001163
13.5400,-3.376669,-5.537145,-1.864939,-6.192988,3.023302,1.214535,-0.083057,0.070372,0.532467,0.042813,-0.061753,0.027658,0.002160,-0.003449,0.001164
13.5600,-3.500461,-5.476377,-1.840623,-6.186200,3.053497,1.217075,-0.082146,0.070896,0.529991,0.042826,-0.061697,0.027657,0.002158,-0.003451,0.001165
13.5800,-3.624115,-5.415008,-1.816256,-6.179168,3.083356,1.219581,-0.081225,0.071407,0.527518,0.042820,-0.061683,0.027657,0.002158,-0.003452,0.001165
13.6000,-3.747626,-5.353045,-1.791840,-6.171893,3.112878,1.222054,-0.080296,0.071904,0.525047,0.042787,-0.061691,0.027640,0.002160,-0.003453,0.001166
13.6200,-3.870989,-5.290495,-1.767374,-6.164374,3.142058,1.224493,-0.079357,0.072386,0.522580,0.042766,-0.061688,0.027622,0.002160,-0.003452,0.001166
13.6400,-3.994200,-5.227365,-1.742860,-6.156611,3.170893,1.226899,-0.078410,0.072855,0.520116,0.042775,-0.061673,0.027627,0.002162,-0.003451,0.001165
13.6600,-4.117252,-5.163662,-1.718298,-6.148605,3.199381,1.229272,-0.077455,0.073309,0.517655,0.042769,-0.061662,0.027619,0.002162,-0.003451,0.001165
13.6800,-4.240142,-5.099392,-1.693690,-6.140357,3.227518,1.231610,-0.076491,0.073749,0.515197,0.042773,-0.061649,0.027597,0.002162,-0.003450,0.001166
13.7000,-4.362865,-5.034563,-1.669034,-6.131866,3.255301,1.233915,-0.075518,0.074175,0.512743,0.042763,-0.061651,0.027579,0.002161,-0.003450,0.001166
13.7200,-4.485415,-4.969182,-1.644333,-6.123133,3.282727,1.236186,-0.074538,0.074586,0.510292,0.042749,-0.061661,0.027561,0.002162,-0.003448,0.001167
13.7400,-4.607789,-4.903256,-1.619587,-6.114158,3.309794,1.238423,-0.073549,0.074983,0.507844,0.042777,-0.061671,0.027558,0.002161,-0.003448,0.001167
13.7600,-4.729980,-4.836793,-1.594797,-6.104942,3.336497,1.240626,-0.072552,0.075365,0.505400,0.042777,-0.061691,0.027522,0.002161,-0.003448,0.001167
13.7800,-4.851985,-4.769799,-1.569962,-6.095485,3.362834,1.242795,-0.071547,0.075732,0.502960,0.042771,-0.061688,0.027530,0.002161,-0.003451,0.001168
13.8000,-4.973798,-4.702282,-1.545085,-6.085787,3.388802,1.244930,-0.070534,0.076085,0.500524,0.042787,-0.061676,0.027535,0.002163,-0.003450,0.001168
13.8200,-5.095415,-4.634249,-1.520165,-6.075850,3.414399,1.247031,-0.069514,0.076422,0.498092,0.042782,-0.061688,0.027532,0.002164,-0.003450,0.001168
13.8400,-5.216830,-4.565709,-1.495204,-6.065672,3.439622,1.249098,-0.068486,0.076745,0.495663,0.042798,-0.061682,0.027538,0.002162,-0.003450,0.001168
13.8600,-5.338040,-4.496667,-1.470202,-6.055254,3.464467,1.251130,-0.067450,0.077053,0.493239,0.042808,-0.061655,0.027524,0.002161,-0.003448,0.001169
13.8800,-5.459039,-4.427132,-1.445159,-6.044598,3.488932,1.253128,-0.066407,0.077346,0.490819,0.042823,-0.061655,0.027516,0.002158,-0.003452,0.001167
13.9000,-5.579822,-4.357112,-1.420077,-6.033703,3.513015,1.255092,-0.065357,0.077624,0.488404,0.042827,-0.061642,0.027513,0.002160,-0.003450,0.001165
13.9200,-5.700385,-4.286614,-1.394956,-6.022570,3.536713,1.257021,-0.064299,0.077886,0.485992,0.042846,-0.061656,0.027526,0.002161,-0.003452,0.001168
13.9400,-5.820723,-4.215646,-1.369796,-6.011199,3.560022,1.258916,-0.063235,0.078134,0.483586,0.042841,-0.061649,0.027525,0.002162,-0.003451,0.001169
13.9600,-5.940832,-4.144216,-1.344599,-5.999591,3.582941,1.260777,-0.062163,0.078366,0.481183,0.042867,-0.061631,0.027520,0.002163,-0.003450,0.001169
13.9800,-6.060705,-4.072331,-1.319365,-5.987746,3.605468,1.262603,-0.061085,0.078583,0.478786,0.042882,-0.061627,0.027529,0.002164,-0.003450,0.001168
